"SFB-0000","BEAUTY & YOUTH","CREAM","S","Rp70,000","FLANEL","SHIRT FEMALE","B"
"SFB-0001","LANIFICIO BANGIOLI","PURPLE","M","Rp70,000","FLANEL","SHIRT FEMALE","B"
"SFB-0002","OMONT","BLUE","S","Rp70,000","FLANEL","SHIRT FEMALE","B"
"SFB-0003","NO BRAND","CREAM","M","Rp70,000","FLANEL","SHIRT FEMALE","B"
"SFB-0004","ROMANTIC MOCHA","BLUE","M","Rp70,000","FLANEL","SHIRT FEMALE","B"
"SFB-0005","LUCKY STORE TAILOR","WHITE","M","Rp70,000","FLANEL","SHIRT FEMALE","B"
"SFB-0006","BROWNY","BLUE","M","Rp70,000","FLANEL","SHIRT FEMALE","B"
"SFB-0007","DAILY WEAR","RED, BLUE","M","Rp70,000","FLANEL","SHIRT FEMALE","B"
"SFB-0008","INGNI 1","PURPLE","M","Rp70,000","FLANEL","SHIRT FEMALE","B"
"SFB-0009","GU","RED","M","Rp70,000","FLANEL","SHIRT FEMALE","B"
"SFB-0010","CLEF DE SOL","NAVY","M","Rp70,000","FLANEL","SHIRT FEMALE","B"
"SFB-0011","GLOBAL WORK","WHITE, NAVY","L","Rp70,000","FLANEL","SHIRT FEMALE","B"
"SFB-0012","JEAN COX","GREEN","M","Rp70,000","FLANEL","SHIRT FEMALE","B"
"SFB-0013","FADED GLORY","BLUE","XL","Rp70,000","FLANEL","SHIRT FEMALE","B"
"SFB-0014","B-S","WHITE","M","Rp70,000","FLANEL","SHIRT FEMALE","B"
"SFB-0015","ME JANE","RED","M","Rp70,000","FLANEL","SHIRT FEMALE","B"
"SFB-0016","ELMOJADO","YELLOW","L","Rp70,000","FLANEL","SHIRT FEMALE","B"
"SFB-0017","DIXIE","BLUE","L","Rp70,000","FLANEL","SHIRT FEMALE","B"
"SFB-0018","VALMAN","BLUE","M","Rp70,000","FLANEL","SHIRT FEMALE","B"
"SFB-0019","PEDA MADA","GREEN NAVY","L","Rp70,000","FLANEL","SHIRT FEMALE","B"
"SFB-0060","CEDAR CREST","NAVY","M","Rp70,000","FLANEL","SHIRT FEMALE","B"
"SFB-0061","NO BRAND","GREY","L","Rp70,000","FLANEL","SHIRT FEMALE","B"
"SFB-0062","VIESTE","GREEN","L","Rp70,000","FLANEL","SHIRT FEMALE","B"
"SFB-0063","NO BRAND","BLACK, WHITE","L","Rp70,000","FLANEL","SHIRT FEMALE","B"
"SFB-0064","TORINO","CREAM","M","Rp70,000","FLANEL","SHIRT FEMALE","B"
"SFB-0065","FREUDE","GREEN","L","Rp70,000","FLANEL","SHIRT FEMALE","B"
"SFB-0066","IGNI 5","BLUE","L","Rp70,000","FLANEL","SHIRT FEMALE","B"
"SFB-0067","SORRIDERE","COLORFUL","L","Rp70,000","FLANEL","SHIRT FEMALE","B"
"SFB-0068","NIGHT RIDER","BLACK","M","Rp70,000","FLANEL","SHIRT FEMALE","B"
"SFB-0069","NO BRAND","PINK","M","Rp70,000","FLANEL","SHIRT FEMALE","B"
"SFB-0100","JUKE","RED","M","Rp70,000","FLANEL","SHIRT FEMALE","B"
"SFB-0101","SKIMMY LIP","BLACK, WHITE","L","Rp70,000","FLANEL","SHIRT FEMALE","B"
"SFB-0102","CANDY FANTASY","NAVY","M","Rp70,000","FLANEL","SHIRT FEMALE","B"
"SFB-0103","BLOSSOM DAY","NAVY","L","Rp70,000","FLANEL","SHIRT FEMALE","B"
"SFB-0104","CERVIN","CREAM","L","Rp70,000","FLANEL","SHIRT FEMALE","B"
"SFB-0105","NOTA BENE","BLACK","LL","Rp70,000","FLANEL","SHIRT FEMALE","B"
"SFB-0106","CHARM BERRY","WHITE","M","Rp70,000","FLANEL","SHIRT FEMALE","B"
"SFB-0107","ALFRED DUNNER","PINK","L","Rp70,000","FLANEL","SHIRT FEMALE","B"
"SFB-0108","NO BRAND","BLACK, WHITE","M","Rp70,000","FLANEL","SHIRT FEMALE","B"
"SFB-0109","IMAGE","WHITE NAVY","M","Rp70,000","FLANEL","SHIRT FEMALE","B"
"SFB-0110","SUNDURA","ORANGE","L","Rp70,000","POLOS","SHIRT FEMALE","B"
"SFB-0111","SUN SOPHIA","RED","L","Rp70,000","POLOS","SHIRT FEMALE","B"
"SFB-0112","CHRISTY","RED","M","Rp70,000","POLOS","SHIRT FEMALE","B"
"SFB-0113","GU","GREEN","L","Rp70,000","POLOS","SHIRT FEMALE","B"
"SFB-0114","FUNNY","PURPLE","M","Rp70,000","POLOS","SHIRT FEMALE","B"
"SFB-0115","NATURAL ORIGIN","RED","M","Rp70,000","POLOS","SHIRT FEMALE","B"
"SFB-0116","LABIO","RED","M","Rp70,000","POLOS","SHIRT FEMALE","B"
"SFB-0117","PAVOT CING","RED","M","Rp70,000","POLOS","SHIRT FEMALE","B"
"SFB-0118","TK","NAVY","L","Rp70,000","POLOS","SHIRT FEMALE","B"
"SFB-0119","LA FERE","CREAM","M","Rp70,000","POLOS","SHIRT FEMALE","B"
"SFB-0120","CLOSSHI","CREAM","M","Rp70,000","POLOS","SHIRT FEMALE","B"
"SFB-0121","IMAGE 1","LIGHT GREY","M","Rp70,000","POLOS","SHIRT FEMALE","B"
"SFB-0122","J CREW","NAVY","M","Rp70,000","POLOS","SHIRT FEMALE","B"
"SFB-0123","SNIDEL","LIGHT BLUE","M","Rp70,000","POLOS","SHIRT FEMALE","B"
"SFB-0124","NO BRAND","LIGHT BLUE","M","Rp70,000","POLOS","SHIRT FEMALE","B"
"SFB-0125","TAMTAMAN","LIGHT BLUE","M","Rp70,000","POLOS","SHIRT FEMALE","B"
"SFB-0126","JOKY GAL","LIGHT BLUE","M","Rp70,000","POLOS","SHIRT FEMALE","B"
"SFB-0127","NEEWYORK & COMPANY","PINK","M","Rp70,000","POLOS","SHIRT FEMALE","B"
"SFB-0128","NIREANA","PINK","L","Rp70,000","POLOS","SHIRT FEMALE","B"
"SFB-0129","NO BRAND","NAVY","M","Rp70,000","POLOS","SHIRT FEMALE","B"
"SFB-0130","FIELD DREAM","NAVY","M","Rp70,000","POLOS","SHIRT FEMALE","B"
"SFB-0131","CRIYEEL","PURPLE","M","Rp70,000","POLOS","SHIRT FEMALE","B"
"SFB-0132","CHRIS MONTEZ","CREAM","M","Rp70,000","POLOS","SHIRT FEMALE","B"
"SFB-0133","NO BRAND","GREY","M","Rp70,000","POLOS","SHIRT FEMALE","B"
"SFB-0134","NO BRAND","YELLOW","M","Rp70,000","POLOS","SHIRT FEMALE","B"
"SFB-0135","LITTLE EMOTION","BLUE","M","Rp70,000","POLOS","SHIRT FEMALE","B"
"SFB-0136","THE SUIT COMPANY","NAVY","LL","Rp70,000","POLOS","SHIRT FEMALE","B"
"SFB-0137","GOOD DAY","CREAM","S","Rp70,000","POLOS","SHIRT FEMALE","B"
"SFB-0138","WANCHECHOU","ORANGE","M","Rp70,000","POLOS","SHIRT FEMALE","B"
"SFB-0139","LUCA HOUSE","CREAM","L","Rp70,000","POLOS","SHIRT FEMALE","B"
"SFB-0140","UNIQLO","GREEN","M","Rp70,000","POLOS","SHIRT FEMALE","B"
"SFB-0141","HAPPINESS","LIGHT BLUE","L","Rp70,000","POLOS","SHIRT FEMALE","B"
"SFB-0142","PASSASPORT","PURPLE","L","Rp70,000","POLOS","SHIRT FEMALE","B"
"SFB-0143","SLOWLIFE","BROWN","L","Rp70,000","POLOS","SHIRT FEMALE","B"
"SFB-0144","CLAUDE CROSS","PINK","M","Rp70,000","POLOS","SHIRT FEMALE","B"
"SFB-0145","CLOSSHI","GREEN","M","Rp70,000","POLOS","SHIRT FEMALE","B"
"SFB-0146","CHARGE","CREAM","L","Rp70,000","POLOS","SHIRT FEMALE","B"
"SFB-0147","GEORGE","LIGHT GREEN","XL","Rp70,000","POLOS","SHIRT FEMALE","B"
"SFB-0148","MIN","BLUE","M","Rp70,000","POLOS","SHIRT FEMALE","B"
"SFB-0149","GLOBAL WORK","PURPLE","S","Rp70,000","POLOS","SHIRT FEMALE","B"
"SFB-0150","UNIQLO","BLUE","S","Rp70,000","POLOS","SHIRT FEMALE","B"
"SFB-0151","AYLESBURRY","GREY","S","Rp70,000","POLOS","SHIRT FEMALE","B"
"SFB-0152","EARTH","BLUE","S","Rp70,000","POLOS","SHIRT FEMALE","B"
"SFB-0153","GAMINERIE","PINK","S","Rp70,000","POLOS","SHIRT FEMALE","B"
"SFB-0154","JINO HOUSE","BROWN","L","Rp70,000","POLOS","SHIRT FEMALE","B"
"SFB-0155","CANTONESE","PINK","M","Rp70,000","POLOS","SHIRT FEMALE","B"
"SFB-0156","DRESKIP","GREEN","M","Rp70,000","POLOS","SHIRT FEMALE","B"
"SFB-0157","NEARWORLD GARMENT","PINK","M","Rp70,000","POLOS","SHIRT FEMALE","B"
"SFB-0158","GERINGUR","GREEN","M","Rp70,000","POLOS","SHIRT FEMALE","B"
"SFB-0159","HOLYDEAL","CREAM","M","Rp70,000","POLOS","SHIRT FEMALE","B"
"SFB-0160","CLOSSHI","LIGHT BLUE","L","Rp70,000","POLOS","SHIRT FEMALE","B"
"SFB-0161","SPB","CREAM","M","Rp70,000","POLOS","SHIRT FEMALE","B"
"SFB-0162","SUNNY CLOUD","BROWN","L","Rp70,000","POLOS","SHIRT FEMALE","B"
"SFB-0163","BIWALL","WHITE","L","Rp70,000","POLOS","SHIRT FEMALE","B"
"SFB-0164","CANTONESE","CREAM","M","Rp70,000","POLOS","SHIRT FEMALE","B"
"SFB-0165","SAMRANG","PURPLE","L","Rp70,000","POLOS","SHIRT FEMALE","B"
"SFB-0166","OH ENERGY","GREY","M","Rp70,000","POLOS","SHIRT FEMALE","B"
"SFB-0167","ESPRITMUR","PINK","L","Rp70,000","POLOS","SHIRT FEMALE","B"
"SFB-0168","MOU DES JOUR","PURPLE","L","Rp70,000","POLOS","SHIRT FEMALE","B"
"SFB-0169","LINIOPI","GREY","M","Rp70,000","POLOS","SHIRT FEMALE","B"
"SFB-0170","SAND BEIGE","GREY","M","Rp70,000","POLOS","SHIRT FEMALE","B"
"SFB-0171","417","WHITE","M","Rp70,000","POLOS","SHIRT FEMALE","B"
"SFB-0172","JINO HOUSE","TOSCA","L","Rp70,000","POLOS","SHIRT FEMALE","B"
"SFB-0173","NOBRAND","CREAM","L","Rp70,000","POLOS","SHIRT FEMALE","B"
"SFB-0174","FEEL YOUR WAY","PEACH","M","Rp70,000","POLOS","SHIRT FEMALE","B"
"SFB-0175","TALASSIO","CREAM","L","Rp70,000","POLOS","SHIRT FEMALE","B"
"SFB-0176","BRICK HOUSE","PURPLE","L","Rp70,000","POLOS","SHIRT FEMALE","B"
"SFB-0177","LOUISE","CREAM","M","Rp70,000","POLOS","SHIRT FEMALE","B"
"SFB-0178","IZE","GREY","M","Rp70,000","POLOS","SHIRT FEMALE","B"
"SFB-0179","CIEN MIL","PURPLE","M","Rp70,000","POLOS","SHIRT FEMALE","B"
"SFB-0180","KOMIKYOKU","LIGHT PURPLE","S","Rp70,000","POLOS","SHIRT FEMALE","B"
"SFB-0181","NOBRAND","PINK","S","Rp70,000","POLOS","SHIRT FEMALE","B"
"SFB-0182","COLLECT CALL","PINK","M","Rp70,000","POLOS","SHIRT FEMALE","B"
"SFB-0183","MARGARET HOWELL","GREY","M","Rp70,000","POLOS","SHIRT FEMALE","B"
"SFB-0184","NO BRAND","GREY","L","Rp70,000","POLOS","SHIRT FEMALE","B"
"SFB-0185","NARA CAMICIE","BROWN","M","Rp70,000","POLOS","SHIRT FEMALE","B"
"SFB-0186","UNIQLO UJ","BLUE","L","Rp70,000","DENIM","SHIRT FEMALE","B"
"SFB-0187","AFRICA TARO","BLUE","M","Rp70,000","DENIM","SHIRT FEMALE","B"
"SFB-0188","NATURAL COUTURE","BLUE","L","Rp70,000","DENIM","SHIRT FEMALE","B"
"SFB-0189","SORRIDERE","WHITE, BLUE","L","Rp70,000","DENIM","SHIRT FEMALE","B"
"SFB-0190","GAP","BLUE","XS","Rp70,000","DENIM","SHIRT FEMALE","B"
"SFB-0191","BACKNUMBER","BLUE","M","Rp70,000","DENIM","SHIRT FEMALE","B"
"SFB-0192","CORNFLAKE","BLUE","M","Rp70,000","DENIM","SHIRT FEMALE","B"
"SFB-0193","CINEMA CLUB","BLUE","M","Rp70,000","DENIM","SHIRT FEMALE","B"
"SFB-0194","AO","CREAM","M","Rp70,000","DENIM","SHIRT FEMALE","B"
"SFB-0195","LIP SERVICE","DARK BLUE","M","Rp70,000","DENIM","SHIRT FEMALE","B"
"SFB-0196","MARBLE CHOICE","DARK BLUE","5L","Rp70,000","DENIM","SHIRT FEMALE","B"
"SFB-0197","FLOWER CIRCLE","MINT","S","Rp70,000","DENIM","SHIRT FEMALE","B"
"SFB-0198","NO BRAND","BLUE","M","Rp70,000","DENIM","SHIRT FEMALE","B"
"SFB-0199","FRANK BEAR","BLUE","M","Rp70,000","DENIM","SHIRT FEMALE","B"
"SFB-0200","UNIQLO","BLUE","L","Rp70,000","DENIM","SHIRT FEMALE","B"
"SFB-0201","PERFECT SUNNY DAY","BLUE","L","Rp70,000","DENIM","SHIRT FEMALE","B"
"SFB-0202","BACKNUMBER","BLUE","S","Rp70,000","DENIM","SHIRT FEMALE","B"
"SFB-0203","CHOCOL RAFFINE","BLUE","L","Rp70,000","DENIM","SHIRT FEMALE","B"
"SFB-0204","RAW EDGE","BLUE","M","Rp70,000","DENIM","SHIRT FEMALE","B"
"SFB-0205","NO BRAND","BLUE","M","Rp70,000","DENIM","SHIRT FEMALE","B"
"SFB-0206","SORRIDERE","LIGHT BLUE","L","Rp70,000","DENIM","SHIRT FEMALE","B"
"SFB-0207","FADED GLORY","DARK BLUE","M","Rp70,000","DENIM","SHIRT FEMALE","B"
"SFB-0208","PLANET BLUE","BLUE","L","Rp70,000","DENIM","SHIRT FEMALE","B"
"SFB-0209","ROPE PICNIC","LIGHT BLUE","M","Rp70,000","DENIM","SHIRT FEMALE","B"
"SFB-0210","DAILY TOPIC","LIGHT BLUE","L","Rp70,000","DENIM","SHIRT FEMALE","B"
"SFB-0211","SMALL REGULER","LIGHT BLUE","M","Rp70,000","DENIM","SHIRT FEMALE","B"
"SFB-0212","SUN LUCAS","DARK BLUE","M","Rp70,000","DENIM","SHIRT FEMALE","B"
"SFB-0213","MC GREGOR","DARK BLUE","L","Rp70,000","DENIM","SHIRT FEMALE","B"
"SFB-0214","AGATE LABEL","DARK BLUE","S","Rp70,000","DENIM","SHIRT FEMALE","B"
"SFB-0215","LAGKAW","DARK BLUE","M","Rp70,000","DENIM","SHIRT FEMALE","B"
"SFB-0216","POPPINS","BLUE","M","Rp70,000","DENIM","SHIRT FEMALE","B"
"SFB-0217","COLZA","BLUE","S","Rp70,000","DENIM","SHIRT FEMALE","B"
"SFB-0218","RETRO GIRL","BLUE","XL","Rp70,000","DENIM","SHIRT FEMALE","B"
"SFB-0219","MARIENE JOBERT","BLACK","L","Rp70,000","BLACK","SHIRT FEMALE","B"
"SFB-0220","CASARIN CRANE","BLACK","M","Rp70,000","BLACK","SHIRT FEMALE","B"
"SFB-0221","HOT CAKE","BLACK","L","Rp70,000","BLACK","SHIRT FEMALE","B"
"SFB-0222","OTTO COLLECTION","BLACK","M","Rp70,000","BLACK","SHIRT FEMALE","B"
"SFB-0223","SPB","BLACK","M","Rp70,000","BLACK","SHIRT FEMALE","B"
"SFB-0224","NO BRAND","BLACK","L","Rp70,000","BLACK","SHIRT FEMALE","B"
"SFB-0225","SAUSALITO","BLACK","M","Rp70,000","BLACK","SHIRT FEMALE","B"
"SFB-0226","YOU FAMILY","BLACK","L","Rp70,000","BLACK","SHIRT FEMALE","B"
"SFB-0227","MENLOVE","BLACK","L","Rp70,000","BLACK","SHIRT FEMALE","B"
"SFB-0228","BEANEE+TUNING","BLACK","M","Rp70,000","BLACK","SHIRT FEMALE","B"
"SFB-0229","KUMIKYOKU","WHITE","L","Rp70,000","WHITE","SHIRT FEMALE","B"
"SFB-0230","DES VAGUES","WHITE","L","Rp70,000","WHITE","SHIRT FEMALE","B"
"SFB-0231","L.A","WHITE","M","Rp70,000","WHITE","SHIRT FEMALE","B"
"SFB-0232","BIWALL","WHITE","L","Rp70,000","WHITE","SHIRT FEMALE","B"
"SFB-0233","BARNYARDSTORM","WHITE","M","Rp70,000","WHITE","SHIRT FEMALE","B"
"SFB-0234","DLS","WHITE","M","Rp70,000","WHITE","SHIRT FEMALE","B"
"SFB-0235","ANCHOR WOMAN","WHITE","M","Rp70,000","WHITE","SHIRT FEMALE","B"
"SFB-0236","BUSINESS EXPERT","WHITE","XL","Rp70,000","WHITE","SHIRT FEMALE","B"
"SFB-0237","BIPLAN ","WHITE","M","Rp70,000","WHITE","SHIRT FEMALE","B"
"SFB-0238","F.W.K","WHITE","L","Rp70,000","WHITE","SHIRT FEMALE","B"
"SFB-0239","THEORIA","WHITE","M","Rp70,000","WHITE","SHIRT FEMALE","B"
"SFB-0240","PERSON'S","WHITE","M","Rp70,000","WHITE","SHIRT FEMALE","B"
"SFB-0241","NO BRAND","WHITE","XL","Rp70,000","WHITE","SHIRT FEMALE","B"
"SFB-0242","NO BRAND","WHITE","S","Rp70,000","WHITE","SHIRT FEMALE","B"
"SFB-0243","9 YR","WHITE","S","Rp70,000","WHITE","SHIRT FEMALE","B"
"SFB-0244","GLEEFUL","WHITE","M","Rp70,000","WHITE","SHIRT FEMALE","B"
"SFB-0245","CLOSSHI","WHITE","L","Rp70,000","WHITE","SHIRT FEMALE","B"
"SFB-0246","ANN TAYLOR","WHITE","L","Rp70,000","WHITE","SHIRT FEMALE","B"
"SFB-0247","HYPEN WORLD GALLERY","WHITE","M","Rp70,000","WHITE","SHIRT FEMALE","B"
"SFB-0248","NUEVE","WHITE","L","Rp70,000","WHITE","SHIRT FEMALE","B"
"SFB-0249","RALPH EVANS","WHITE","L","Rp70,000","WHITE","SHIRT FEMALE","B"
"SFB-0250","OFU","WHITE","S","Rp70,000","WHITE","SHIRT FEMALE","B"
"SFB-0251","FREUDE","WHITE","L","Rp70,000","WHITE","SHIRT FEMALE","B"
"SFB-0252","NO BRAND","WHITE","M","Rp70,000","WHITE","SHIRT FEMALE","B"
"SFB-0253","NEW YORKER","WHITE","S","Rp70,000","WHITE","SHIRT FEMALE","B"
"SFB-0254","PASHPOINT","WHITE","XL","Rp70,000","WHITE","SHIRT FEMALE","B"
"SFB-0255","LITTLE BOUTIQUE","WHITE","M","Rp70,000","WHITE","SHIRT FEMALE","B"
"SFB-0256","UPTIGHT","BLUE, WHITE","M","Rp70,000","STRIP","SHIRT FEMALE","B"
"SFB-0257","SHIRTS COLLECTION","LIGHT BLUE","L","Rp70,000","STRIP","SHIRT FEMALE","B"
"SFB-0258","APSRA","WHITE GREEN","M","Rp70,000","STRIP","SHIRT FEMALE","B"
"SFB-0259","MIDOPA","CREAM","L","Rp70,000","STRIP","SHIRT FEMALE","B"
"SFB-0260","CANTONESE","GREY","M","Rp70,000","STRIP","SHIRT FEMALE","B"
"SFB-0261","NO BRAND","LIGHT BLUE","L","Rp70,000","STRIP","SHIRT FEMALE","B"
"SFB-0262","CLOSSHI","BLUE","L","Rp70,000","STRIP","SHIRT FEMALE","B"
"SFB-0263","ANNIE LAURIE","CREAM","L","Rp70,000","STRIP","SHIRT FEMALE","B"
"SFB-0264","DOGGY","BLUE","L","Rp70,000","STRIP","SHIRT FEMALE","B"
"SFB-0265","NO BRAND","BLUE","L","Rp70,000","STRIP","SHIRT FEMALE","B"
"SFB-0266","JANE EYRE","DARK BLUE","M","Rp70,000","STRIP","SHIRT FEMALE","B"
"SFB-0267","CLOSSHI","WHITE, GREY","LL","Rp70,000","STRIP","SHIRT FEMALE","B"
"SFB-0268","ISIN","WHITE GREY","5L","Rp70,000","STRIP","SHIRT FEMALE","B"
"SFB-0269","URAMOCO","BLUE","LL","Rp70,000","STRIP","SHIRT FEMALE","B"
"SFB-0270","SIRMIONE","WHITE","L","Rp70,000","STRIP","SHIRT FEMALE","B"
"SFB-0271","SOUTHERN LADY","PINK","L","Rp70,000","STRIP","SHIRT FEMALE","B"
"SFB-0272","COMME CA DU MODE","WHITE GREY","L","Rp70,000","STRIP","SHIRT FEMALE","B"
"SFB-0273","J CREW","BLACK WHITE","XS","Rp70,000","STRIP","SHIRT FEMALE","B"
"SFB-0274","INDIVI","WHITE","L","Rp70,000","STRIP","SHIRT FEMALE","B"
"SFB-0275","GEMBONY","BLUE","LL","Rp70,000","STRIP","SHIRT FEMALE","B"
"SFB-0276","NO BRAND","BLUE","M","Rp70,000","STRIP","SHIRT FEMALE","B"
"SFB-0277","YUCARA","BLUE","M","Rp70,000","STRIP","SHIRT FEMALE","B"
"SFB-0278","BRICK HOUSE","WHITE","S","Rp70,000","MOTIF","SHIRT FEMALE","B"
"SFB-0279","MADAM ANDY","WHITE","M","Rp70,000","MOTIF","SHIRT FEMALE","B"
"SFB-0280","ALLOWED TO UNFOLD","WHITE","M","Rp70,000","MOTIF","SHIRT FEMALE","B"
"SFB-0281","RALPH LAUREN","PURPLE","M","Rp70,000","MOTIF","SHIRT FEMALE","B"
"SFB-0282","KIM ROGERS","BLUE","M","Rp70,000","MOTIF","SHIRT FEMALE","B"
"SFB-0283","NO BRAND","PINK","M","Rp70,000","MOTIF","SHIRT FEMALE","B"
"SFB-0284","STUDIO CLIP","WHITE","M","Rp70,000","MOTIF","SHIRT FEMALE","B"
"SFB-0285","BASIC TONE","NAVY","M","Rp70,000","MOTIF","SHIRT FEMALE","B"
"SFB-0286","FLATTA","CREAM","M","Rp70,000","MOTIF","SHIRT FEMALE","B"
"SFB-0287","LADIES ASHIC","WHITE","M","Rp70,000","MOTIF","SHIRT FEMALE","B"
"SFB-0288","NO BRAND","WHITE","M","Rp70,000","MOTIF","SHIRT FEMALE","B"
"SFB-0289","REGATTA","TOSCA","S","Rp70,000","MOTIF","SHIRT FEMALE","B"
"SFB-0290","NO BRAND","COLORFUL","M","Rp70,000","MOTIF","SHIRT FEMALE","B"
"SFB-0291","RED GRAPE","WHITE","M","Rp70,000","MOTIF","SHIRT FEMALE","B"
"SFB-0292","G COLLECTION","BLUE","L","Rp70,000","MOTIF","SHIRT FEMALE","B"
"SFB-0293","CREPERIE","WHITE","M","Rp70,000","MOTIF","SHIRT FEMALE","B"
"SFB-0294","BRICK HOUSE","GREEN","M","Rp70,000","MOTIF","SHIRT FEMALE","B"
"SFB-0295","TRANS WORK","PINK","L","Rp70,000","MOTIF","SHIRT FEMALE","B"
"SFB-0296","JAPANESE","WHITE","M","Rp70,000","MOTIF","SHIRT FEMALE","B"
"SFB-0297","ELLCORE","BLACK","L","Rp70,000","MOTIF","SHIRT FEMALE","B"
"SFB-0298","CARO CARA","ORANGE","M","Rp70,000","MOTIF","SHIRT FEMALE","B"
"SFB-0299","BACK NUMBER","GREY","S","Rp70,000","MOTIF","SHIRT FEMALE","B"
"SFB-0300","GU","WHITE","M","Rp70,000","MOTIF","SHIRT FEMALE","B"
"SFB-0301","GEMBONY","NAVY","M","Rp70,000","MOTIF","SHIRT FEMALE","B"
"SFB-0302","NO BRAND","GREEN","M","Rp70,000","MOTIF","SHIRT FEMALE","B"
"SFB-0303","NUEVO.VA","CREAM","M","Rp70,000","MOTIF","SHIRT FEMALE","B"
"SFB-0304","NO BRAND","WHITE","L","Rp70,000","MOTIF","SHIRT FEMALE","B"
"SFB-0305","VIA MODE","COLORFUL","M","Rp70,000","MOTIF","SHIRT FEMALE","B"
"SFB-0306","TABLOT","RED","L","Rp70,000","MOTIF","SHIRT FEMALE","B"
"SFB-0307","90ANS","WHITE","M","Rp70,000","MOTIF","SHIRT FEMALE","B"
"SFB-0308","VISBY","BLUE, WHITE","M","Rp70,000","MOTIF","SHIRT FEMALE","B"
"SFB-0309","SLOWLIFE","WHITE","L","Rp70,000","MOTIF","SHIRT FEMALE","B"
"SFB-0310","NO BRAND ","WHITE","L","Rp70,000","MOTIF","SHIRT FEMALE","B"
"DKB-0001","ceald","motif","M","Rp50,000","","DRESS KATUN","B"
"DKB-0003","native wit","grey","M","Rp50,000","","DRESS KATUN","B"
"DKB-0004","no brand 3","grey stripe","M","Rp50,000","","DRESS KATUN","B"
"DKB-0005","francaise","stripe purple","M","Rp50,000","","DRESS KATUN","B"
"DKB-0006","samansa mos2","navy","M","Rp50,000","","DRESS KATUN","B"
"DKB-0007","simplicite","white","M","Rp50,000","","DRESS KATUN","B"
"DKB-0008","atsuro tayana ","black","M","Rp50,000","","DRESS KATUN","B"
"DKB-0009","No brand 4","stripe","M","Rp50,000","","DRESS KATUN","B"
"DKB-0010","N, ","grey","M","Rp50,000","","DRESS KATUN","B"
"DKB-0011","monteu","stripe navy ","M","Rp50,000","","DRESS KATUN","B"
"DKB-0012","UNIQLO","GREY","M","Rp50,000","","DRESS KATUN","B"
"DKB-0013","No brand 5","yellow","M","Rp50,000","","DRESS KATUN","B"
"DKB-0015","la foret","stripe black grey","M","Rp50,000","","DRESS KATUN","B"
"DKB-0016","fait mains","motif","M","Rp50,000","","DRESS KATUN","B"
"DKB-0017","MALAIKA","Motif","M","Rp50,000","","DRESS KATUN","B"
"DKB-0018","native wit","motif","M","Rp50,000","","DRESS KATUN","B"
"DKB-0019","No brand 7","navy","M","Rp50,000","","DRESS KATUN","B"
"DKB-0020","Coen","stripe maroon","M","Rp50,000","","DRESS KATUN","B"
"DKB-0021","BARBARELLA","Motif","M","Rp50,000","","DRESS KATUN","B"
"DKB-0022","no brand 8","navy","M","Rp50,000","","DRESS KATUN","B"
"DKB-0023","sorridere","blue light","M","Rp50,000","","DRESS KATUN","B"
"DKB-0024","world champion","black","M","Rp50,000","","DRESS KATUN","B"
"DKB-0025","carnaby","motif","M","Rp50,000","","DRESS KATUN","B"
"DKB-0026","bateaumouche","motif","S","Rp50,000","","DRESS KATUN","B"
"DKB-0027","Maple sugar","motif","S","Rp50,000","","DRESS KATUN","B"
"DKB-0028","Arabis","stripe","S","Rp50,000","","DRESS KATUN","B"
"DKB-0029","Francaise","brown stripe","S","Rp50,000","","DRESS KATUN","B"
"DKB-0032","NO BRAND 9","MOTIF","M","Rp50,000","","DRESS KATUN","B"
"DKB-0037","A.V.V STANDARD","GREY","M","Rp50,000","","DRESS KATUN","B"
"DKB-0046","NO BRAND 11","GREY","L","Rp50,000","","DRESS KATUN","B"
"DKB-0047","EF-DE","BROWN ","M","Rp50,000","","DRESS KATUN","B"
"DKB-0048","MAISON DE PLAGE","GREY","L","Rp50,000","","DRESS KATUN","B"
"DKB-0049","BURETTE CLUB","MOTIF","M","Rp50,000","","DRESS KATUN","B"
"DKB-0053","NO BRAND 12","STRIPE","M","Rp50,000","","DRESS KATUN","B"
"DKB-0056","SUNNY CLOUDS","GREY","L","Rp50,000","","DRESS KATUN","B"
"DKB-0057","CLOSE UP","MOTIF","M","Rp50,000","","DRESS KATUN","B"
"DKB-0058","LYNN","YELLOW","M","Rp50,000","","DRESS KATUN","B"
"DKB-0062","KHALITA","BLACK","M","Rp50,000","","DRESS KATUN","B"
"DKB-0063","KOREAN BRAND","NAVY","M","Rp50,000","","DRESS KATUN","B"
"DKB-0065","SORSA","NAVY","XL","Rp50,000","","DRESS KATUN","B"
"DKB-0066","XLO BRAND ","GREY","M","Rp50,000","","DRESS KATUN","B"
"DKB-0067","A.V.V STANDARD","GREY NAVY","M","Rp50,000","","DRESS KATUN","B"
"DKB-0068","W CLOSET WEARS INC","MOTIF","M","Rp50,000","","DRESS KATUN","B"
"DKB-0069","LBC","MOTIF","L","Rp50,000","","DRESS KATUN","B"
"DKB-0070","MAMMY LUNA ","MOTIF","M","Rp50,000","","DRESS KATUN","B"
"DKB-0071","ROPI PICNIC","BLACK","M","Rp50,000","","DRESS KATUN","B"
"DKB-0072","MIMI COLLECTION","MOTIF","XL","Rp50,000","","DRESS KATUN","B"
"DKB-0073","S_COLLECTION ","BLACK","S","Rp50,000","","DRESS KATUN","B"
"DKB-0074","BECKY","BLACK","S","Rp50,000","","DRESS KATUN","B"
"DKB-0075","HAPPY MAIL","MOTIF","M","Rp50,000","","DRESS KATUN","B"
"DKB-0076","VALLEY GIRL","PEACH","M","Rp50,000","","DRESS KATUN","B"
"DKB-0077","MIGNON","MOTIF","M","Rp50,000","","DRESS KATUN","B"
"DKB-0078","SLOBE","ARMY","M","Rp50,000","","DRESS KATUN","B"
"DKB-0079","ROSE TIARA","MOTIF","M","Rp50,000","","DRESS KATUN","B"
"DKB-0082","NICE CLAUP","GREY","M","Rp50,000","","DRESS KATUN","B"
"DKB-0083","PETITREITRE","NAVY","M","Rp50,000","","DRESS KATUN","B"
"DKB-0084","NO BRAND 16","MOTIF","M","Rp50,000","","DRESS KATUN","B"
"DKB-0085","ARTEMIS","GREY","M","Rp50,000","","DRESS KATUN","B"
"DKB-0086","SUPRE","TOSCA","XL","Rp50,000","","DRESS KATUN","B"
"DKB-0087","SANE'S ADDICTION","BLACK","M","Rp50,000","","DRESS KATUN","B"
"DKB-0088","AMY","MOTIF","M","Rp50,000","","DRESS KATUN","B"
"DKB-0090","90ANS","MOTIF","L","Rp50,000","","DRESS KATUN","B"
"DKB-0091","L'ESPORT","GREY","L","Rp50,000","","DRESS KATUN","B"
"DKB-0092","NO BRAND 18","MOTIF","S","Rp50,000","","DRESS KATUN","B"
"DKB-0093","TREND VIEW","WHITE","M","Rp50,000","","DRESS KATUN","B"
"DKB-0094","PLUS 2","STRIPE","M","Rp50,000","","DRESS KATUN","B"
"DKB-0095","SHOO LA FUE","GREY","M","Rp50,000","","DRESS KATUN","B"
"DKB-0096","DRUG STROR'S","","M","Rp50,000","","DRESS KATUN","B"
"TFB-0000","NOW","pink","M","Rp50,000","","T'SHIRT FEMALE","B"
"TFB-0001","Anko","Mocca","M","Rp50,000","","T'SHIRT FEMALE","B"
"TFB-0002","GIVONI","Blue","M","Rp50,000","","T'SHIRT FEMALE","B"
"TFB-0003","CIRCUIT","Green white","M","Rp50,000","","T'SHIRT FEMALE","B"
"TFB-0004","Emerson","Blue","M","Rp50,000","","T'SHIRT FEMALE","B"
"TFB-0005","Anko","Black","M","Rp50,000","","T'SHIRT FEMALE","B"
"TFB-0006","Everyday","Black","XS","Rp50,000","","T'SHIRT FEMALE","B"
"TFB-0007","CINCIN","White","M","Rp50,000","","T'SHIRT FEMALE","B"
"TFB-0008","HOT ","pink stripe","M","Rp50,000","","T'SHIRT FEMALE","B"
"TFB-0009","Sara","Red","M","Rp50,000","","T'SHIRT FEMALE","B"
"TFB-0010","Assembly Label","White","M","Rp50,000","","T'SHIRT FEMALE","B"
"TFB-0011","anko","white","M","Rp50,000","","T'SHIRT FEMALE","B"
"TFB-0012","TITTY TWISTER","Orange","M","Rp50,000","","T'SHIRT FEMALE","B"
"TFB-0013","Favourites","orange","M","Rp50,000","","T'SHIRT FEMALE","B"
"TFB-0014","No Brand 1","Grey","M","Rp50,000","","T'SHIRT FEMALE","B"
"TFB-0015","Now","White","M","Rp50,000","","T'SHIRT FEMALE","B"
"TFB-0016","No Brand 2","Green","M","Rp50,000","","T'SHIRT FEMALE","B"
"TFB-0017","No Brand 3","Full Color","M","Rp50,000","","T'SHIRT FEMALE","B"
"TFB-0018","Sussan","Black","M","Rp50,000","","T'SHIRT FEMALE","B"
"TFB-0019","Millers","Green white","M","Rp50,000","","T'SHIRT FEMALE","B"
"TFB-0020","ACTIVE","pink","M","Rp50,000","","T'SHIRT FEMALE","B"
"TFB-0021","Sfera Basic","Blue Stripe","M","Rp50,000","","T'SHIRT FEMALE","B"
"TFB-0022","Ffafourites","Pink","M","Rp50,000","","T'SHIRT FEMALE","B"
"TFB-0023","DIVIDED","Pink","M","Rp50,000","","T'SHIRT FEMALE","B"
"TFB-0024","Suzannegrae","Tribal","M","Rp50,000","","T'SHIRT FEMALE","B"
"TFB-0025","sportgirls","navy","M","Rp50,000","","T'SHIRT FEMALE","B"
"TFB-0026","Suzannegrae","Blue","M","Rp50,000","","T'SHIRT FEMALE","B"
"TFB-0027","10","Blue","M","Rp50,000","","T'SHIRT FEMALE","B"
"TFB-0028","Seed","yellow stripe","M","Rp50,000","","T'SHIRT FEMALE","B"
"TFB-0029","Now","yellow","M","Rp50,000","","T'SHIRT FEMALE","B"
"TFB-0030","Country road","yellow","M","Rp50,000","","T'SHIRT FEMALE","B"
"TFB-0031","No Brand 4","Motif","M","Rp50,000","","T'SHIRT FEMALE","B"
"TFB-0032","Collection","White","M","Rp50,000","","T'SHIRT FEMALE","B"
"TFB-0033","Now ","pink","M","Rp50,000","","T'SHIRT FEMALE","B"
"TFB-0034","ANKO","black","M","Rp50,000","","T'SHIRT FEMALE","B"
"TFB-0035","target collection","Navy","M","Rp50,000","","T'SHIRT FEMALE","B"
"TFB-0036","Glassons","White","M","Rp50,000","","T'SHIRT FEMALE","B"
"TFB-0037","NBCF","Pink","M","Rp50,000","","T'SHIRT FEMALE","B"
"TFB-0038","Croline Morgan","peach","M","Rp50,000","","T'SHIRT FEMALE","B"
"TFB-0039","Now Essentials","Black","M","Rp50,000","","T'SHIRT FEMALE","B"
"TFB-0040","millers","navy","M","Rp50,000","","T'SHIRT FEMALE","B"
"TFB-0041","Portmans","black","S","Rp50,000","","T'SHIRT FEMALE","B"
"TFB-0042","Valleygirl","Black","M","Rp50,000","","T'SHIRT FEMALE","B"
"TFB-0043","Now","Navy","M","Rp50,000","","T'SHIRT FEMALE","B"
"TFB-0044","uniqlo","flower","S","Rp50,000","","T'SHIRT FEMALE","B"
"TFB-0045","12","blue","S","Rp50,000","","T'SHIRT FEMALE","B"
"TFB-0046","millers","blue","M","Rp50,000","","T'SHIRT FEMALE","B"
"TFB-0047","10","Black","M","Rp50,000","","T'SHIRT FEMALE","B"
"TFB-0048","Suzannegrae","White","M","Rp50,000","","T'SHIRT FEMALE","B"
"TFB-0049","T bar","White","M","Rp50,000","","T'SHIRT FEMALE","B"
"TFB-0050","Jeans west","White","M","Rp50,000","","T'SHIRT FEMALE","B"
"TFB-0051","No Brand 5","pink","M","Rp50,000","","T'SHIRT FEMALE","B"
"TFB-0052","rodonna","Navy","M","Rp50,000","","T'SHIRT FEMALE","B"
"TFB-0053","American Apparel","orange","M","Rp50,000","","T'SHIRT FEMALE","B"
"TFB-0054","Suzannegrae","White","M","Rp50,000","","T'SHIRT FEMALE","B"
"TFB-0055","rivers","black","M","Rp50,000","","T'SHIRT FEMALE","B"
"TFB-0056","true harmony","white","M","Rp50,000","","T'SHIRT FEMALE","B"
"TFB-0057","the fitted crew","pink","M","Rp50,000","","T'SHIRT FEMALE","B"
"TFB-0058","bub2b","black","M","Rp50,000","","T'SHIRT FEMALE","B"
"TFB-0059","supre","white","M","Rp50,000","","T'SHIRT FEMALE","B"
"TFB-0060","maggie","blue","M","Rp50,000","","T'SHIRT FEMALE","B"
"TFB-0061","18","Purple","M","Rp50,000","","T'SHIRT FEMALE","B"
"TFB-0062","GEORGE","pink","M","Rp50,000","","T'SHIRT FEMALE","B"
"TFB-0063","now ","white","M","Rp50,000","","T'SHIRT FEMALE","B"
"TFB-0064","anko","white","M","Rp50,000","","T'SHIRT FEMALE","B"
"TFB-0065","Sportage ","white","M","Rp50,000","","T'SHIRT FEMALE","B"
"TFB-0066","10","yellow","M","Rp50,000","","T'SHIRT FEMALE","B"
"TFB-0067","NOW","Black","M","Rp50,000","","T'SHIRT FEMALE","B"
"TFB-0068","Sportsgirl","White","M","Rp50,000","","T'SHIRT FEMALE","B"
"TFB-0069","anko","purple","M","Rp50,000","","T'SHIRT FEMALE","B"
"TFB-0070","the stretch tank","peach","M","Rp50,000","","T'SHIRT FEMALE","B"
"TFB-0071","No Brand 6","white","M","Rp50,000","","T'SHIRT FEMALE","B"
"TFB-0072","regatta","motif","M","Rp50,000","","T'SHIRT FEMALE","B"
"TFB-0073","No Brand 7","Motif","M","Rp50,000","","T'SHIRT FEMALE","B"
"TFB-0074","marcopolo","red","M","Rp50,000","","T'SHIRT FEMALE","B"
"TFB-0075","No Brand ","Navy","S","Rp50,000","","T'SHIRT FEMALE","B"
"TFB-0076","hollister","red","S","Rp50,000","","T'SHIRT FEMALE","B"
"TFB-0077","decjuba","black","S","Rp50,000","","T'SHIRT FEMALE","B"
"TFB-0078","the garden collection","peach","M","Rp50,000","","T'SHIRT FEMALE","B"
"TFB-0079","Jeanswest","motif","M","Rp50,000","","T'SHIRT FEMALE","B"
"TFB-0080","ICE FASHION","BLACK WHITE","M","Rp50,000","","T'SHIRT FEMALE","B"
"TFB-0081","ROCKMANS","BLUE WHITE","M","Rp50,000","","T'SHIRT FEMALE","B"
"TFB-0082","MAGIC OF CHRISTMAS","WHITE","S","Rp50,000","","T'SHIRT FEMALE","B"
"TFB-0083","NOW","BLUE, BLACK","S","Rp50,000","","T'SHIRT FEMALE","B"
"TFB-0084","WITCHERY","GREY","S","Rp50,000","","T'SHIRT FEMALE","B"
"TFB-0085","H&M","WHITE","M","Rp50,000","","T'SHIRT FEMALE","B"
"TFB-0086","ASANA","PINK","S","Rp50,000","","T'SHIRT FEMALE","B"
"TFB-0087","TRENERY","BLACK, WHITE","XXL","Rp50,000","","T'SHIRT FEMALE","B"
"TFB-0088","NO BRAND","BLACK WHITE","S","Rp50,000","CARDIGAN","T'SHIRT FEMALE","B"
"TFB-0089","TILI","BLUE, WHITE","M","Rp50,000","","T'SHIRT FEMALE","B"
"TFB-0090","FORTNITE","BLACK","M","Rp50,000","","T'SHIRT FEMALE","B"
"TFB-0091","ANKO","WHITE, BLACK","M","Rp50,000","","T'SHIRT FEMALE","B"
"TFB-0092","ANKO","WHITE, BLACK","XL","Rp50,000","","T'SHIRT FEMALE","B"
"TFB-0093","NO BRAND","BLACK, WHITE","XXL","Rp50,000","","T'SHIRT FEMALE","B"
"TFB-0094","CONNOR","GREY, BLACK","S","Rp50,000","CROP TOP","T'SHIRT FEMALE","B"
"TFB-0095","W-LANE","BLACK, WHITE","L","Rp50,000","","T'SHIRT FEMALE","B"
"TFB-0096","CLOTHING & CO","WHITE, BLACK","XL","Rp50,000","","T'SHIRT FEMALE","B"
"TFB-0097","OZEMOCEAN","LIGHT GREY","M","Rp50,000","","T'SHIRT FEMALE","B"
"TFB-0098","CLOTHING & CO","GREY","L","Rp50,000","","T'SHIRT FEMALE","B"
"TFB-0099","WITCHERY","WHITE, BLACK","M","Rp50,000","","T'SHIRT FEMALE","B"
"TFB-0100","ED IT ED","GREY","XXL","Rp50,000","","T'SHIRT FEMALE","B"
"TFB-0101","FEROTI SPORT","GREY","XL","Rp50,000","","T'SHIRT FEMALE","B"
"TFB-0102","NOW","GREY, WHITE","L","Rp50,000","","T'SHIRT FEMALE","B"
"TFB-0103","KATIES ESSENSIAL","LIGHT GREY","XL","Rp50,000","","T'SHIRT FEMALE","B"
"TFB-0104","STEDMAN","GREY","L","Rp50,000","","T'SHIRT FEMALE","B"
"TFB-0105","BIZ COLLECTION","BLUE","M","Rp50,000","","T'SHIRT FEMALE","B"
"TFB-0106","NOW","WHITE, BLACK","L","Rp50,000","","T'SHIRT FEMALE","B"
"TFB-0107","ANKO","BLACK, WHITE","XL","Rp50,000","","T'SHIRT FEMALE","B"
"TFB-0108","DANII MINOGUE","GREEN, WHITE","L","Rp50,000","","T'SHIRT FEMALE","B"
"TFB-0109","MIZAN SHOP","GREY","L","Rp50,000","","T'SHIRT FEMALE","B"
"TFB-0110","MISS SHOP","LIGHT GREY","L","Rp50,000","","T'SHIRT FEMALE","B"
"TFB-0111","NO BRAND","BLACK, WHITE","XXL","Rp50,000","","T'SHIRT FEMALE","B"
"TFB-0112","NO BRAND","LIGHT BLUE","XL","Rp50,000","","T'SHIRT FEMALE","B"
"TFB-0113","SOLS","GREY","XS","Rp50,000","","T'SHIRT FEMALE","B"
"TFB-0114","WINNING SPIRIT","NAVY","XS","Rp50,000","","T'SHIRT FEMALE","B"
"TFB-0115","MOTHER CHOICE","WHITE","S","Rp50,000","","T'SHIRT FEMALE","B"
"TFB-0116","KHOKO","BLACK, WHITE","M","Rp50,000","","T'SHIRT FEMALE","B"
"TFB-0117","NO BRAND","GREEN","S","Rp50,000","","T'SHIRT FEMALE","B"
"TFB-0118","SUSSAN","BLUE","M","Rp50,000","","T'SHIRT FEMALE","B"
"TFB-0119","JAY JAYS","PINK","M","Rp50,000","","T'SHIRT FEMALE","B"
"TFB-0120","ANNE KLEIN","MOTIF","M","Rp50,000","","T'SHIRT FEMALE","B"
"TFB-0121","SPORTSCRAFT","BLACK, WHITE","L","Rp50,000","","T'SHIRT FEMALE","B"
"TFB-0122","ALLY","WHITE, GREY","M","Rp50,000","CROP TOP","T'SHIRT FEMALE","B"
"TFB-0123","FACTORIE","RED","XS","Rp50,000","","T'SHIRT FEMALE","B"
"TFB-0124","COTTON ON","BLACK, WHITE","L","Rp50,000","","T'SHIRT FEMALE","B"
"TFB-0125","COUNTRY ROAD","MOTIF","XS","Rp50,000","","T'SHIRT FEMALE","B"
"TFB-0126","B COLLECTION","COLORFUL","M","Rp50,000","","T'SHIRT FEMALE","B"
"BSA-0000","CINEMA CLUB","STRIPE BLUE WHITE","M","","","BLOUSE SIFON","A"
"BSA-0001","OFUON","BLUE WHITE","M","","","BLOUSE SIFON","A"
"BSA-0002","BOU JELOUD","MOTIF","M","","","BLOUSE SIFON","A"
"BSA-0003","EARTH","HITAM POLKADIT","M","","","BLOUSE SIFON","A"
"BSA-0004","NO BRAND 1","NAVY","M","","","BLOUSE SIFON","A"
"BSA-0005","ARABI'S","NAVY","M","","","BLOUSE SIFON","A"
"BSA-0006","NO BRAND 2","MOTIF","M","","TRANPARANT","BLOUSE SIFON","A"
"BSA-0007","Q.C.X.X","MOTIF","M","","","BLOUSE SIFON","A"
"BSA-0008","ENEME","MOTIF","M","","","BLOUSE SIFON","A"
"BSA-0009","SUNKING","BLUE","M","","TRANSPARANT","BLOUSE SIFON","A"
"BSA-0010","ROPE PICNIC","BLACK","M","","","BLOUSE SIFON","A"
"BSA-0011","ANYSIS","BROWN","M","","","BLOUSE SIFON","A"
"BSA-0012","GROVE","NAVY POLKADOT","M","","","BLOUSE SIFON","A"
"BSA-0013","ROLLINA","STRIPE","M","","","BLOUSE SIFON","A"
"BSA-0014","ALPHABETS ALPHABET","CREAM","M","","","BLOUSE SIFON","A"
"BSA-0015","CUTIE BLONDE","NAVY MOTIF","M","","","BLOUSE SIFON","A"
"BSA-0016","FO 21","WHITE","M","","","BLOUSE SIFON","A"
"BSA-0017","UNIQLO","WHITE","M","","","BLOUSE SIFON","A"
"BSA-0018","Q.C.X.X","STRIPE","M","","","BLOUSE SIFON","A"
"BSA-0019","VIOPLE","NAVY","M","","","BLOUSE SIFON","A"
"BSA-0020","GU","WHITE","M","","","BLOUSE SIFON","A"
"BSA-0021","EARTH","WHITE","M","","","BLOUSE SIFON","A"
"BSA-0022","EARTH","WHITE","M","","SABRINA","BLOUSE SIFON","A"
"BSA-0023","MIGNOM","MOTIF","M","","","BLOUSE SIFON","A"
"BSA-0024","LADYS WEAR","NAVY POLKADOT","M","","","BLOUSE SIFON","A"
"BSA-0025","ALPHABETS ALPHABET","MOTIF","M","","","BLOUSE SIFON","A"
"BSA-0026","PURELAST","MOTIF","M","","","BLOUSE SIFON","A"
"BSA-0027","CIAO PANIC","NAVY POLKADOT","M","","TRANSPARANT","BLOUSE SIFON","A"
"BSA-0028","MADY II","CREAM","M","","","BLOUSE SIFON","A"
"BSA-0029","RAG OUT","BLACK","M","","","BLOUSE SIFON","A"
"BSA-0030","OPAQUE CLIP","MOCCA","M","","","BLOUSE SIFON","A"
"BSA-0031","JE CHI CHI","STRIPE","M","","TRANSPARANT","BLOUSE SIFON","A"
"BSA-0032","GU","NAVY POLKADOT","M","","","BLOUSE SIFON","A"
"BSA-0033","GLACIER","MOTIF","L","","TRANSPARANT","BLOUSE SIFON","A"
"BSA-0034","CARLRAGAZZE","BLUE STRIPE","M","","","BLOUSE SIFON","A"
"BSA-0035","ZARA BASIC","WHITE","L","","","BLOUSE SIFON","A"
"BSA-0036","MARQUISE","MOTIF","M","","","BLOUSE SIFON","A"
"BSA-0037","INGNI","MOTIFKOTAK","S","","","BLOUSE SIFON","A"
"BSA-0038","CLEAR IMPRESSION","BLACK POLKADOT","M","","","BLOUSE SIFON","A"
"BSA-0039","IEDIT PREMIUM","PEACH","M","","","BLOUSE SIFON","A"
"BSA-0040","SPRAY PREMIUM","WHITE BLACK","M","","","BLOUSE SIFON","A"
"BSA-0041","H.W.W","MOTIF","M","","","BLOUSE SIFON","A"
"BSA-0042","NO BRAND 3","MOTIF","M","","","BLOUSE SIFON","A"
"BSA-0043","MOCA","YELLOW","M","","","BLOUSE SIFON","A"
"BSA-0044","CALABAZA","MOTIF","M","","","BLOUSE SIFON","A"
"BSA-0045","PAGEBOY","MOTIF","M","","","BLOUSE SIFON","A"
"BSA-0046","LACIFONELLI ","MOTIF","XL","","TRANSPARANT","BLOUSE SIFON","A"
"BSA-0047","NO BRAND 4","MOTIF","M","","SIFON","BLOUSE SIFON","A"
"BSA-0048","NO BRAND 5","RED","M","","","BLOUSE SIFON","A"
"BSA-0049","NO BRAND 6","BROWN","M","","","BLOUSE SIFON","A"
"BSA-0050","UNIQLO","RED","XL","","","BLOUSE SIFON","A"
"BSA-0051","TOKYO JAPAN","BROWN FLOWE","XL","","","BLOUSE SIFON","A"
"BSA-0052","EAGLE","BLUE WHITE","XL","","","BLOUSE SIFON","A"
"BSA-0053","RESPIGHI","BROWN","M","","","BLOUSE SIFON","A"
"BSA-0054","LOEANO","YELLOW","M","","","BLOUSE SIFON","A"
"BSA-0055","NUSNUSN","GREEN","L","","","BLOUSE SIFON","A"
"BSA-0056","PURE LIEBE","YELLOW","M","","","BLOUSE SIFON","A"
"BSA-0057","NEW LOOK","RED","M","","","BLOUSE SIFON","A"
"BSA-0058","ON LOVE OFF","NAVY MOTIF","M","","","BLOUSE SIFON","A"
"BSA-0059","NO BRAND 7","PURPLE","M","","","BLOUSE SIFON","A"
"BSA-0060","NO BRAND 8","GREEN","XL","","","BLOUSE SIFON","A"
"BSA-0061","AN ","BLACK","M","","SABRINA ","BLOUSE SIFON","A"
"BSA-0062","OFB","NAVY","M","","LENGAN KIPAS ","BLOUSE SIFON","A"
"BSD-0000","LACIFONELLI","MOTIF","M","","","BLOUSE SIFON","B"
"BSD-0001","NO BRAND 1","MOTIF","M","","","BLOUSE SIFON","B"
"BSD-0002","AS KNOW","MOTIF","M","","","BLOUSE SIFON","B"
"BSD-0003","MOUTH VALLEY","MOTIF","M","","","BLOUSE SIFON","B"
"BSD-0004","KAE MEI","MOTIF","M","","","BLOUSE SIFON","B"
"BSD-0005","JEAN DORE","MOTIF","M","","","BLOUSE SIFON","B"
"BSD-0006","TOKYO BLOUSE","MOTIF","M","","","BLOUSE SIFON","B"
"BSD-0007","TOUR DOR","MOTIF","M","","","BLOUSE SIFON","B"
"BSD-0008","A.V.V STANDARD","MOTIF","M","","","BLOUSE SIFON","B"
"BSD-0009","CPA","MOTIF","M","","","BLOUSE SIFON","B"
"BSD-0010","FB COLLECTION","MOTIF","M","","","BLOUSE SIFON","B"
"BSD-0011","THE SHOP TK","MOTIF","M","","","BLOUSE SIFON","B"
"BSD-0012","AXES FEMME","MOTIF","M","","","BLOUSE SIFON","B"
"BSD-0013","JILL STUART","MOTIF","M","","","BLOUSE SIFON","B"
"BSD-0014","CLASSA","MOTIF","M","","","BLOUSE SIFON","B"
"BSD-0015","TALASSIO","MOTIF","M","","","BLOUSE SIFON","B"
"BSD-0016","GROWING RICH","MOTIF","S","","","BLOUSE SIFON","B"
"BSD-0017","DIVA","MOTIF","S","","","BLOUSE SIFON","B"
"BSD-0018","PURPLE RAIN","MOTIF","M","","","BLOUSE SIFON","B"
"BSD-0019","NO BRAND 2","MOTIF","S","","","BLOUSE SIFON","B"
"BSD-0020","VING TROIS","MOTIF","M","","","BLOUSE SIFON","B"
"BSD-0021","SAZUN FORK","MOTIF","M","","","BLOUSE SIFON","B"
"BSD-0022","CONOSOPHIA","MOTIF","M","","","BLOUSE SIFON","B"
"BSD-0023","MARSHMALLOW ROWN","MOTIF","M","","","BLOUSE SIFON","B"
"BSD-0024","SILVER KING","MOTIF","M","","","BLOUSE SIFON","B"
"BSD-0025","NO BRAND 3","MOTIF","M","","","BLOUSE SIFON","B"
"BSD-0026","MAYNARD DEUX","MOTIF","M","","","BLOUSE SIFON","B"
"BSD-0027","LODIS POTTO","MOTIF","M","","","BLOUSE SIFON","B"
"BSD-0028","NO BRAND 4","MOTIF","L","","","BLOUSE SIFON","B"
"BSD-0029","LING FEI FASHION","MOTIF","M","","","BLOUSE SIFON","B"
"BSD-0030","SPRAY PREMIUM","MOTIF","M","","","BLOUSE SIFON","B"
"BSD-0031","AXES FEMME","MOTIF","S","","","BLOUSE SIFON","B"
"BSD-0032","TOCO TOCO","MOTIF","M","","","BLOUSE SIFON","B"
"BSD-0033","GALFIT","MOTIF","M","","","BLOUSE SIFON","B"
"BSD-0034","NO BRAND 5","MOTIF","M","","","BLOUSE SIFON","B"
"BSD-0035","TAKASHIMAYA","MOTIF","M","","","BLOUSE SIFON","B"
"BSD-0036","NO BRAND 6","MOTIF","S","","TRANSPARANT","BLOUSE SIFON","B"
"BSD-0037","NO BRAND","MOTIF","S","","","BLOUSE SIFON","B"
"BSD-0038","g.u","MOTIF","S","","","BLOUSE SIFON","B"
"BSD-0039","AS KNOW AS ","MOTIF","M","","","BLOUSE SIFON","B"
"BSD-0040","GIGGLE","MOTIF","S","","TRANSPARANT","BLOUSE SIFON","B"
"BSD-0041","NOANNU","MOTIF","M","","","BLOUSE SIFON","B"
"BSD-0042","CAROLL","MOTIF","M","","","BLOUSE SIFON","B"
"BSD-0043","LACIFONELLI","MOTIF","M","","","BLOUSE SIFON","B"
"BSD-0044","AXES FEMME","MOTIF","M","","","BLOUSE SIFON","B"
"BSD-0045","NO BRAND 7","MOTIF","M","","","BLOUSE SIFON","B"
"BSD-0046","MAURICES","MOTIF","M","","","BLOUSE SIFON","B"
"BSD-0047","SUREVE","MOTIF","L","","","BLOUSE SIFON","B"
"BSD-0048","LIEBE","MOTIF","L","","","BLOUSE SIFON","B"
"BSD-0049","NAVY","MOTIF","M","","","BLOUSE SIFON","B"
"BSD-0050","NO BRAND 8","MOTIF","M","","TRANSPARANT","BLOUSE SIFON","B"
"BSD-0051","NO BRAND 9","MOTIF","M","","","BLOUSE SIFON","B"
"BSD-0052","LOC STYLE","MOTIF","M","","","BLOUSE SIFON","B"
"BSD-0053","CULOTES","MOTIF","M","","","BLOUSE SIFON","B"
"BSD-0054","LUNE MOIRE","MOTIF","M","","","BLOUSE SIFON","B"
"BSD-0055","QUEENS","MOTIF","L","","","BLOUSE SIFON","B"
"BSD-0056","MODERATE","MOTIF","L","","","BLOUSE SIFON","B"
"BSD-0057","LASCOLINAS","MOTIF","S","","","BLOUSE SIFON","B"
"BSD-0058","GIVORS","MOTIF","M","","","BLOUSE SIFON","B"
"BSD-0059","NATURAL COUTURE","MOTIF","M","","","BLOUSE SIFON","B"
"BSD-0060","SUNFELDU","MOTIF","M","","","BLOUSE SIFON","B"
"BSD-0061","NO BRAND 10","MOTIF","S","","","BLOUSE SIFON","B"
"BSD-0062","PRASH NOTES","MOTIF","L","","","BLOUSE SIFON","B"
"BSD-0063","NO BRAND 11","MOTIF","S","","","BLOUSE SIFON","B"
"BSD-0064","LUICHANTANT","MOTIF","S","","","BLOUSE SIFON","B"
"BSD-0065","LADIES WEAR","MOTIF","M","","","BLOUSE SIFON","B"
"BSD-0066","VIOPLE","MOTIF","M","","","BLOUSE SIFON","B"
"BSD-0067","TWO BY TWO","WHITE","M","","","BLOUSE SIFON","B"
"BSD-0068","MODEX","WHITE","M","","","BLOUSE SIFON","B"
"BSD-0069","SPICA","WHITE","M","","","BLOUSE SIFON","B"
"BSD-0070","HEATHER","WHITE","M","","","BLOUSE SIFON","B"
"BSD-0071","NO BRAND 11","WHITE","M","","","BLOUSE SIFON","B"
"BSD-0072","SAMANSA MOS2","WHITE","M","","","BLOUSE SIFON","B"
"BSD-0073","NO BRAND 12","WHITE","M","","","BLOUSE SIFON","B"
"BSD-0074","LE TIANS","WHITE","M","","","BLOUSE SIFON","B"
"BSD-0075","N,","WHITE","M","","","BLOUSE SIFON","B"
"BSD-0076","INGNI","WHITE","M","","","BLOUSE SIFON","B"
"BSD-0077","CECIL MC BEE","WHITE","M","","","BLOUSE SIFON","B"
"BSD-0078","NO BRAND 13","WHITE","S","","","BLOUSE SIFON","B"
"BSD-0079","FR","WHITE","M","","","BLOUSE SIFON","B"
"BSD-0080","UNIQ;LO","WHITE","M","","","BLOUSE SIFON","B"
"BSD-0081","CHANMEAL","WHITE","M","","","BLOUSE SIFON","B"
"BSD-0082","NO BRAND 14","WHITE","M","","","BLOUSE SIFON","B"
"BSD-0083","NO BRAND 15","WHITE","S","","","BLOUSE SIFON","B"
"BSD-0084","JEANASIS","WHITE","M","","","BLOUSE SIFON","B"
"BSD-0085","LOWRYS FARM","WHITE","M","","","BLOUSE SIFON","B"
"BSD-0086","DIAGRAM","WHITE","S","","","BLOUSE SIFON","B"
"BSD-0087","ELLESAISON","WHITE","M","","","BLOUSE SIFON","B"
"BSD-0088","HEATHER","WHITE","M","","","BLOUSE SIFON","B"
"BSD-0089","W.A.Z.P","WHITE","M","","","BLOUSE SIFON","B"
"BSD-0090","CLOCHE","WHITE","M","","","BLOUSE SIFON","B"
"DSA-0000","CAMOMILLE","MOTIF","M","Rp120,000","","DRESS SIFON","A"
"DSA-0001","NO BRAND 1","MOTIF","M","Rp120,000","","DRESS SIFON","A"
"DSA-0002","COLZA","NAVY","L","Rp120,000","","DRESS SIFON","A"
"DSA-0003","LIMONNE","NAVY VELVET","M","Rp120,000","","DRESS SIFON","A"
"DSA-0004","ROPE","NAVY","M","Rp120,000","","DRESS SIFON","A"
"DSA-0005","VIVATY","NAVY VELVET","M","Rp120,000","","DRESS SIFON","A"
"DSA-0006","PETITREITRE","BLACK ","M","Rp120,000","","DRESS SIFON","A"
"DSA-0007","GU","NAVY VELVET","M","Rp160,000","","DRESS SIFON","A"
"DSA-0008","NO BRAND 2","MOTIF VELVET","M","Rp140,000","","DRESS SIFON","A"
"DSA-0009","GLISSE","MOTIF VELVET","M","Rp140,000","","DRESS SIFON","A"
"DSA-0010","NO BRAND 3","BROWN VELVET","M","Rp100,000","SLEVELLES","DRESS SIFON","A"
"DSA-0011","ALPHABET'S ALPHABET","BLACK","L","Rp150,000","","DRESS SIFON","A"
"DSA-0012","EARTH MUSIC & ECOLOGY","MOTIF","M","Rp100,000","SLEEVELES","DRESS SIFON","A"
"DSA-0013","EARTH MUSIC & ECOLOGY","MOTIF","M","Rp100,000","SLEEVELES","DRESS SIFON","A"
"DSA-0014","NO BRAND 4","PEACH FLOWER","M","Rp120,000","","DRESS SIFON","A"
"DSA-0015","PETINOBE","BLUE","M","Rp120,000","MEDIUM DRESS","DRESS SIFON","A"
"DSA-0016","AZALEA ROSE","PINK","M","Rp120,000","SLEEVE MINI DRESS","DRESS SIFON","A"
"DSA-0017","AZUL","NAVY MOTIF","M","Rp100,000","SLEEVELESS","DRESS SIFON","A"
"DSA-0018","SHEENA DEL RAY","MOTIF","M","Rp150,000","MEDIUM DRESS LENGAN PANJANG","DRESS SIFON","A"
"DSA-0019","CECIL MC BEE","YELLOW WHITE MOTIF","M","Rp100,000","SLEEVE MINI DRESS","DRESS SIFON","A"
"DSA-0020","APPLAUDIR","CREAM","M","Rp120,000","MEDIUM DRESS","DRESS SIFON","A"
"DSA-0021","NO BRAND 5","MOTIF FLOWER","M","Rp120,000","MEDIUM DRESS","DRESS SIFON","A"
"DSA-0022","NO BRAND 6","NAVY","M","Rp160,000","KERAH BERKANCING","DRESS SIFON","A"
"DSA-0023","PETITA PETIT","BROWN","M","Rp100,000","SLEEVELESS","DRESS SIFON","A"
"DSA-0024","COUTURE BROOCH","CREAM","M","Rp120,000","MEDIUM DRESS","DRESS SIFON","A"
"DSA-0025","WORLD GALLERY","BROWN","M","Rp130,000","KERUT BAGIAN LEHER & TANGAN","DRESS SIFON","A"
"DSA-0026","ARGENTI","MOTIF FULL COLOR","M","Rp120,000","MEDIUM DRESS","DRESS SIFON","A"
"DSA-0027","NO BRAND 7","NAVY PINK FLOWER","M","Rp150,000","MEDIUM DRESS LENGAN PANJANG","DRESS SIFON","A"
"DSA-0028","NO BRAND 8","MAROON FLOWER","M","Rp120,000","","DRESS SIFON","A"
"DSA-0029","EBUBA","DARK GREEN","M","Rp120,000","MEDIUM DRESS","DRESS SIFON","A"
"DSA-0030","E HYPHENWORLDGALERRY PEACE","DARK GREEN  FLOWER","M","Rp120,000","SLEEVELESS","DRESS SIFON","A"
"DSA-0031","BACK NUMBER","MOCCA","XL","Rp120,000","MEDIUM DRESS","DRESS SIFON","A"
"DSA-0032","LOVE MODOC","GREY STRIPE","M","Rp120,000","MEDIUM DRESS","DRESS SIFON","A"
"DSA-0033","NO BRAND 9","MOTIF FULL COLOR","M","Rp120,000","MEDIUM DRESS","DRESS SIFON","A"
"DSA-0034","RIENDA","BLACK WHITE POLKADOT","M","Rp120,000","MEDIUM DRESS","DRESS SIFON","A"
"DSA-0035","QUEEN BEE","STRIPE PURPLE","M","Rp120,000","KERAH MEDIUM DRESS","DRESS SIFON","A"
"DSA-0036","MB MINT BREEZE","BLACK MOTIF","L","Rp120,000","MEDIUM DRESS","DRESS SIFON","A"
"DSA-0037","GRACE CONTINENTAL","BLAC","M","Rp120,000","SLEEVELESS ADA PAYET","DRESS SIFON","A"
"DSA-0038","BY HITOSHI","MOTIF","M","Rp140,000","MEDIUM DRESS LENGAN PANJANG ","DRESS SIFON","A"
"DSA-0039","NO BRAND 10","MOTIF","M","Rp160,000","LONG DRESS","DRESS SIFON","A"
"DSA-0040","NO BRAND 11","NAVY","M","Rp100,000","SLEEVELESS","DRESS SIFON","A"
"DSA-0041","NO BRAND 12","MOTIF","M","Rp140,000","MEDIUM DRESS","DRESS SIFON","A"
"DSA-0042","GUESTGUST JOCONDE","WHITE","M","Rp120,000","MEDIUM DRESS","DRESS SIFON","A"
"DSA-0043","GRANS FILE","BLACK","M","Rp100,000","SLEEVELESS","DRESS SIFON","A"
"DSA-0044","NO BRAND 13","YELLOW FLOWER","L","Rp100,000","OUTER","DRESS SIFON","A"
"DSA-0045","INGNI","MOTIF FLOWER","M","Rp180,000","LONG DRESS","DRESS SIFON","A"
"DSA-0046","NO BRAND 14","BLACK MOTIF","M","Rp100,000","SLEEVLESS","DRESS SIFON","A"
"DSA-0047","VIVRE SA VIE","MAROON MOTIF","L","Rp120,000","MEDIUM DRESS","DRESS SIFON","A"
"DSA-0048","LOOKS","BLUE FLOWER","M","Rp120,000","LONG DRESS TRANSPARAT","DRESS SIFON","A"
"DSA-0049","SWALLOW","BLUE","M","Rp100,000","MINI DRESS","DRESS SIFON","A"
"DSA-0050","NO BRAND","NAVY WHITE","M","Rp120,000","","DRESS SIFON","A"
"DSA-0051","BOBO FASHION","BROKEN WHITE","M","Rp120,000","MEDIUM DRESS","DRESS SIFON","A"
"DSA-0052","A DAY IN THE LIFE","NAVY","M","Rp120,000","MEDIUM DRESS","DRESS SIFON","A"
"DSA-0053","PROPORTION","NAVY","M","Rp120,000","MINI DRESS","DRESS SIFON","A"
"DSB-0000","MAGGY SPORT","NAVY POLKADOT","S","Rp80,000","LENGAN PENDEK","DRESS SIFON","B"
"DSB-0001","NO BRAND 1","CREAM","M","Rp80,000","LENGAN PENDEK","DRESS SIFON","B"
"DSB-0002","CRACKSTEP","CREAM FLOWER","S","Rp80,000","DRESS LENGAN SLIP ","DRESS SIFON","B"
"DSB-0003","NO BRAND 3","HITAM POLKADOT","XL","Rp80,000","DRES LENGAN PANJANG","DRESS SIFON","B"
"DSB-0004","NO BRAND 4","CREAM FLOWER","L","Rp80,000","LENGAN SLIP","DRESS SIFON","B"
"DSB-0005","WALLAMANDA","PASTEL","L","Rp80,000","LENGAN SLIP","DRESS SIFON","B"
"DSB-0006","GLA MASTER","HITAM PUTIH ZEBRA","XL","Rp80,000","LENGAN PANJANG","DRESS SIFON","B"
"DSB-0007","BASE LA SARTORIA","NAVY POLKADOT","M","Rp80,000","TANPA LENGAN","DRESS SIFON","B"
"DSB-0008","JANISS","COKELAT","M","Rp80,000","LENGAN SLIP","DRESS SIFON","B"
"DSB-0009","NO BRAND 5","CREAM","L","Rp80,000","LENGAN PENDEK","DRESS SIFON","B"
"DSB-0010","CUTIE BLONDE","PUTIH HITAM","M","Rp80,000","JAMSUIT","DRESS SIFON","B"
"DSB-0011","PATTERN","PINK SOFT","M","Rp80,000","LENGAN SLIP","DRESS SIFON","B"
"DSB-0012","ROLLINA","BIRU LANGIT","S","Rp80,000","DRESS LENGAN PENDEK","DRESS SIFON","B"
"DSB-0013","TOPPIGEON","PUTIH MOTIF","L","Rp80,000","LONG DRESS LENGAN PANJANG","DRESS SIFON","B"
"DSB-0014","MAJESTIC LEGON","HITAM FLOWER","M","Rp80,000","DRES LENGAN PANJANG","DRESS SIFON","B"
"DSB-0015","BOUJELOUD","KUNING FLOWER","XL","Rp80,000","BLOUSE  LENGAN PENDEK","DRESS SIFON","B"
"DSB-0016","NO BRAND 6","UNGGU MOTIF","M","Rp80,000","DRESS LENGAN PENDEK","DRESS SIFON","B"
"DSB-0017","THE  BLESSED DAMOZEL","HITAM POLKADOT","M","Rp80,000","DRESS LENGAN PANJANG","DRESS SIFON","B"
"DSB-0018","MERCURY DUO","COKELAT POLKADOTM","XL","Rp80,000","DRESS LENGAN PENDEK ","DRESS SIFON","B"
"DSB-0019","NO BRAND 7","COKELAT ZEBRA","L","Rp80,000","DRESS LENGAN SLIP","DRESS SIFON","B"
"DSB-0020","NO BRAND 8","PUTIH HITAM","L","Rp80,000","DRESS LENGAN PENDEK","DRESS SIFON","B"
"DSB-0021","FROU","HITAM FLOWER","L","Rp80,000","DRESS LENGAN SLIP","DRESS SIFON","B"
"DSB-0022","AIN ANNIVERSARY NAISSNCE","NAVY COKELAT","L","Rp80,000","DRESS LENGAN PANJANG","DRESS SIFON","B"
"DSB-0023","PICCIN","HITAM PUTIH ZEBRA","M","Rp80,000","DRESS LENGAN PANJANG","DRESS SIFON","B"
"DSB-0024","WILLSELECTION","PUTIH HITAM","S","Rp80,000","LENGAN SLIP","DRESS SIFON","B"
"DSB-0025","DANLIN","HITAM","S","Rp80,000","LENGAN SLIP","DRESS SIFON","B"
"DSB-0026","CLOSE UP","GREY","M","Rp80,000","JAMSUIT LENGAN SLIP","DRESS SIFON","B"
"DSB-0027","SOIR BENIR","HITAM","M","Rp80,000","LENGAN PENDEK","DRESS SIFON","B"
"DSB-0028","L&B","CREAM","M","Rp80,000","LENGAN PENDEK","DRESS SIFON","B"
"DSB-0029","NEW LOOK","PIUTIH MOTIF","M","Rp80,000","LENGAN SLIP","DRESS SIFON","B"
"DSB-0030","ZEST ","HITAM MOTIF","L","Rp80,000","LENGAN PENDEK","DRESS SIFON","B"
"DSB-0031","FREDY REPIT","TOSKA","M","Rp80,000","LENGAN SLIP","DRESS SIFON","B"
"DSB-0032","CHIP CLIP","PUTIH TULANG","M","Rp80,000","DRESS TOPI","DRESS SIFON","B"
"DSB-0033","SHEENA DEL RAY ","PUTIH ZEBRA","S","Rp80,000","LENGAN SLIP","DRESS SIFON","B"
"DSB-0034","SWITCH","MOTIF","M","Rp80,000","LENGAN SLIP","DRESS SIFON","B"
"DSB-0035","REPLETE","CREAM","M","Rp80,000","LENGAN PENDEK ","DRESS SIFON","B"
"DSB-0036","COUTURE BROOCH","ABU-ABU MOTIF ","M","Rp80,000","LENGAN PENDEK","DRESS SIFON","B"
"DSB-0037","LUNACION","ABU-ABU MOTIF ","L","Rp80,000","OUTER  LENGAN PANJANG","DRESS SIFON","B"
"DSB-0038","HEALTHY KAREN","PUTIH FLOWER","L","Rp80,000","LENGAN SLIP","DRESS SIFON","B"
"DSB-0039","REASTERISK","CREAM","S","Rp80,000","LENGAN SLIP","DRESS SIFON","B"
"DSB-0040","RANG MUSEE","HITAM","M","Rp80,000","LENGAN SLIP","DRESS SIFON","B"
"DSB-0041","CHEE COLLECTION ","PUTIH POLKADOT","XL","Rp80,000","LENGAN PENDEK ","DRESS SIFON","B"
"DSB-0042","OUT RO SOL","HITAM","XL","Rp80,000","LENGAN SLIP ","DRESS SIFON","B"
"DSB-0043","BLACK NUMBER","HITAM MOTIF","F","Rp80,000","TANPA LENGAN","DRESS SIFON","B"
"DSB-0044","NO BRAND 10","CREAM POLKADOT","L","Rp80,000","LENGAN PANJANG","DRESS SIFON","B"
"DSB-0045","NUSNUSN","UNGGU MOTIF","M","Rp80,000","LENGAN SLIP","DRESS SIFON","B"
"DSB-0046","IIMK ","HITAM MOTIF","M","Rp80,000","LENGAN SLIP ","DRESS SIFON","B"
"DSB-0047","HAUT MONDE","UNGGU MOTIF","M","Rp80,000","LENGAN PENDEK","DRESS SIFON","B"
"DSB-0048","TOKYO STYLECA","TOSKA","S","Rp80,000","DRESS LENGAN SLIP","DRESS SIFON","B"
"DSB-0049","NO BRAND 11","TOSKA","S","Rp80,000","DRESS LENGAN SLIP","DRESS SIFON","B"
"DSB-0050","NO BRAND 12","COKELAT MOTIF","L","Rp80,000","LENGAN PENDEK","DRESS SIFON","B"
"DSB-0051","MARY ROSE","PUTIH POLKADOT","M","Rp80,000","LENGAN PENDEK","DRESS SIFON","B"
"DSB-0052","NO BRAND 13","MERAH MOTIF","M","Rp80,000","LENGAN PANJANG","DRESS SIFON","B"
"DSB-0053","NO BRAND 14","COKELAT MOTIF","M","Rp80,000","LENGAN TANGGUNG ","DRESS SIFON","B"
"DSB-0054","NO BRAND 15","HITAM","M","Rp80,000","LENGAN SLIP","DRESS SIFON","B"
"DSB-0055","NO BRAND 16","PUTIH MOTIF","M","Rp80,000"," LENGAN PANJANG ","DRESS SIFON","B"
"DSB-0056","NO BRAND 17","GREY HITAM","M","Rp80,000","LENGAN PENDEK ","DRESS SIFON","B"
"DSB-0057","MAI PLAGE ","HITAM FLOWER","S","Rp80,000","LENGAN PANJANG","DRESS SIFON","B"
"DSB-0058","DELYLE","CREAM FLOWER","M","Rp80,000","DRESS TANPA LENGAN ","DRESS SIFON","B"
"DSB-0059","NO BRAND 18","UNGGU MOTIF","L","Rp80,000","DRESS LENGAN PENDEK","DRESS SIFON","B"
"DSB-0060","CREED CO LTD","HITAM FLOWER","L","Rp80,000","DRESS LENGAN SLIP","DRESS SIFON","B"
"DSB-0061","AMICAL","PUTIH ABU-ABU","M","Rp80,000","DRESS LENGAN PANJANG","DRESS SIFON","B"
"DSB-0062","MICHEL KLEIN","COKELAT MUDA ","M","Rp80,000","DRESS LENGAN SLIP","DRESS SIFON","B"
"DSB-0063","ARROW","ORANGE MOTIF","M","Rp80,000","DRESS LENGAN SLIP","DRESS SIFON","B"
"DSB-0064","PEYTON PLACE","PINK FLOWER","L","Rp80,000","LONG DRESS LENGAN PANJANG","DRESS SIFON","B"
"DSB-0065","PINKY & DINNENE","HITAM MOTIF","M","Rp80,000","DRESS LENGAN SLIP","DRESS SIFON","B"
"DSB-0066","SETAICHIRO","HIJAU MOTIF","M","Rp80,000","DRESS LENGAN PANJANG ","DRESS SIFON","B"
"DSB-0067","ATOP","COKELAT","M","Rp80,000","DRESS LENGAN SLIP","DRESS SIFON","B"
"DSB-0068","RADARISTA","MOTIF","L","Rp80,000","DRESS LENGAN PENDEK","DRESS SIFON","B"
"DSB-0069","NO BRAND 19","PUTIH MOTIF","L","Rp80,000","DRESS LENGAN SLIP","DRESS SIFON","B"
"JDB-0003","NO BRAND 1","DARK GREEN","M","Rp100,000","","DENIM","B"
"JDB-0004","F CAMINO","CREAM","M","Rp100,000","","DENIM","B"
"JDB-0006","TRIBE VINTAGE","BLUE","L","Rp100,000","","DENIM","B"
"JDB-0007","EVEX","BLACK","L","Rp100,000","","DENIM","B"
"JDB-0008","NO BRAND 3","BLUE","M","Rp100,000","","DENIM","B"
"JDB-0010","NO BRAND 4","DARK BLUE","L","Rp100,000","","DENIM","B"
"JDB-0011","56 SECTION","WHITE","M","Rp100,000","","DENIM","B"
"JDB-0018","LIGMELO","BLUE","M","Rp100,000","","DENIM","B"
"JDB-0027","JUDE BLOOM","OLD BLUE","L","Rp100,000","","DENIM","B"
"JDB-0031","CHIME","OLD BLUE","M","Rp100,000","","DENIM","B"
"JDB-0032","SIMPLE LIFE","OLD BLUE","M","Rp100,000","","DENIM","B"
"JDB-0034","AVAIL","OLD BLUE","L","Rp100,000","","DENIM","B"
"JDB-0037","NO BRAND 6","OLD BLUE","M","Rp100,000","","DENIM","B"
"JDB-0038","NO BRAND 7","OLD BLUE","S","Rp100,000","","DENIM","B"
"JDB-0039","NO BRAND 8","BLACK","M","Rp100,000","","DENIM","B"
"JDB-0040","GAP","WHITE","M","Rp100,000","","DENIM","B"
"JDB-0041","KUU","BLUE","M","Rp100,000","","DENIM","B"
"JDB-0042","OZOC","BLACK","M","Rp100,000","","BLAZER","B"
"JDB-0043","GAMINERIE","NAVY","M","Rp100,000","","DENIM","B"
"JDB-0044","JILL STUART","LIGHT BLUE","S","Rp100,000","","DENIM","B"
"JDB-0048","EAST BOY","LIGHT BLUE","S LEDIES","Rp100,000","","DENIM","B"
"JDB-0049","APPLE","MOCA BLUE","M","Rp100,000","","DENIM","B"
"JDB-0052","LIFE IN PROGRESS","LIGHT BLUE","XS","Rp100,000","","DENIM","B"
"JDB-0053","U.T.D","LIGHT BLUE","S","Rp100,000","","DENIM","B"
"JDB-0054","BANANA  REPUBLIC","BLUE","XS","Rp100,000","","DENIM","B"
"JDB-0055","SUGAR CANE","LIGHT ORANGE","M","Rp100,000","","DENIM","B"
"JDB-0061","VIVAYOU","LIGHT BLUE","S","Rp100,000","","DENIM","B"
"JDB-0062","BROWNY","BLUE ","L","Rp100,000","","DENIM","B"
"JDB-0063","GU","RED","M","Rp100,000","","DENIM","B"
"JDB-0064","NO BRAND 11","ARMY","M","Rp120,000","","DENIM","B"
"JDB-0065","GEORGIA","BLACK","M","Rp120,000","","PARKA","B"
"JDB-0066","INGNI","GREEN","M","Rp120,000","","PARKA","B"
"JDB-0067","EGOIST","GREEN","S","Rp120,000","","PARKA","B"
"JDB-0068","FOX FINDER","BROWN","XL","Rp120,000","","DENIM","B"
"JDB-0069","INTHEATTIC","RED","L","Rp120,000","","DENIM","B"
"JDB-0070","SPLENDID","GREEN","LL","Rp120,000","","PARKA","B"
"JDB-0071","MILITARY","GREEN","S","Rp120,000","","PARKA","B"
"JDB-0072","NO BRAND 12","ARMY","M","Rp120,000","","PARKA","B"
"JDB-0073","INGNI","GREEN","M","Rp120,000","","PARKA","B"
"JDB-0074","H.N.C","GREEN","M","Rp120,000","","PARKA","B"
"JDB-0075","CECIL MCBEE","ARMY","M","Rp120,000","","PARKA","B"
"JDB-0076","IKKA","BLUE","M","Rp120,000","","PARKA","B"
"JDB-0077","BEGUM","GREEN","M","Rp120,000","","PARKA","B"
"JDB-0078","LUCY","GREEN","S","Rp120,000","","PARKA","B"
"JDB-0079","ROPE PICNIC","GREEN","38/M","Rp120,000","","PARKA","B"
