"NO","CODE","BRAND","COLOR","SIZE","PRICE","REMARK","CATEGORY","GRADE"
"1","SFB-0000","BEAUTY & YOUTH","CREAM","S","70000","FLANEL","SHIRT FEMALE","B"
"2","SFB-0001","LANIFICIO BANGIOLI","PURPLE","M","70000","FLANEL","SHIRT FEMALE","B"
"3","SFB-0002","OMONT","BLUE","S","70000","FLANEL","SHIRT FEMALE","B"
"4","SFB-0003","NO BRAND","CREAM","M","70000","FLANEL","SHIRT FEMALE","B"
"5","SFB-0004","ROMANTIC MOCHA","BLUE","M","70000","FLANEL","SHIRT FEMALE","B"
"6","SFB-0005","LUCKY STORE TAILOR","WHITE","M","70000","FLANEL","SHIRT FEMALE","B"
"7","SFB-0006","BROWNY","BLUE","M","70000","FLANEL","SHIRT FEMALE","B"
"8","SFB-0007","DAILY WEAR","RED, BLUE","M","70000","FLANEL","SHIRT FEMALE","B"
"9","SFB-0008","INGNI 1","PURPLE","M","70000","FLANEL","SHIRT FEMALE","B"
"10","SFB-0009","GU","RED","M","70000","FLANEL","SHIRT FEMALE","B"
"11","SFB-0010","CLEF DE SOL","NAVY","M","70000","FLANEL","SHIRT FEMALE","B"
"12","SFB-0011","GLOBAL WORK","WHITE, NAVY","L","70000","FLANEL","SHIRT FEMALE","B"
"13","SFB-0012","JEAN COX","GREEN","M","70000","FLANEL","SHIRT FEMALE","B"
"14","SFB-0013","FADED GLORY","BLUE","XL","70000","FLANEL","SHIRT FEMALE","B"
"15","SFB-0014","B-S","WHITE","M","70000","FLANEL","SHIRT FEMALE","B"
"16","SFB-0015","ME JANE","RED","M","70000","FLANEL","SHIRT FEMALE","B"
"17","SFB-0016","ELMOJADO","YELLOW","L","70000","FLANEL","SHIRT FEMALE","B"
"18","SFB-0017","DIXIE","BLUE","L","70000","FLANEL","SHIRT FEMALE","B"
"19","SFB-0018","VALMAN","BLUE","M","70000","FLANEL","SHIRT FEMALE","B"
"20","SFB-0019","PEDA MADA","GREEN NAVY","L","70000","FLANEL","SHIRT FEMALE","B"
"61","SFB-0060","CEDAR CREST","NAVY","M","70000","FLANEL","SHIRT FEMALE","B"
"62","SFB-0061","NO BRAND","GREY","L","70000","FLANEL","SHIRT FEMALE","B"
"63","SFB-0062","VIESTE","GREEN","L","70000","FLANEL","SHIRT FEMALE","B"
"64","SFB-0063","NO BRAND","BLACK, WHITE","L","70000","FLANEL","SHIRT FEMALE","B"
"65","SFB-0064","TORINO","CREAM","M","70000","FLANEL","SHIRT FEMALE","B"
"66","SFB-0065","FREUDE","GREEN","L","70000","FLANEL","SHIRT FEMALE","B"
"67","SFB-0066","IGNI 5","BLUE","L","70000","FLANEL","SHIRT FEMALE","B"
"68","SFB-0067","SORRIDERE","COLORFUL","L","70000","FLANEL","SHIRT FEMALE","B"
"69","SFB-0068","NIGHT RIDER","BLACK","M","70000","FLANEL","SHIRT FEMALE","B"
"70","SFB-0069","NO BRAND","PINK","M","70000","FLANEL","SHIRT FEMALE","B"
"101","SFB-0100","JUKE","RED","M","70000","FLANEL","SHIRT FEMALE","B"
"102","SFB-0101","SKIMMY LIP","BLACK, WHITE","L","70000","FLANEL","SHIRT FEMALE","B"
"103","SFB-0102","CANDY FANTASY","NAVY","M","70000","FLANEL","SHIRT FEMALE","B"
"104","SFB-0103","BLOSSOM DAY","NAVY","L","70000","FLANEL","SHIRT FEMALE","B"
"105","SFB-0104","CERVIN","CREAM","L","70000","FLANEL","SHIRT FEMALE","B"
"106","SFB-0105","NOTA BENE","BLACK","LL","70000","FLANEL","SHIRT FEMALE","B"
"107","SFB-0106","CHARM BERRY","WHITE","M","70000","FLANEL","SHIRT FEMALE","B"
"108","SFB-0107","ALFRED DUNNER","PINK","L","70000","FLANEL","SHIRT FEMALE","B"
"109","SFB-0108","NO BRAND","BLACK, WHITE","M","70000","FLANEL","SHIRT FEMALE","B"
"110","SFB-0109","IMAGE","WHITE NAVY","M","70000","FLANEL","SHIRT FEMALE","B"
"111","SFB-0110","SUNDURA","ORANGE","L","70000","POLOS","SHIRT FEMALE","B"
"112","SFB-0111","SUN SOPHIA","RED","L","70000","POLOS","SHIRT FEMALE","B"
"113","SFB-0112","CHRISTY","RED","M","70000","POLOS","SHIRT FEMALE","B"
"114","SFB-0113","GU","GREEN","L","70000","POLOS","SHIRT FEMALE","B"
"115","SFB-0114","FUNNY","PURPLE","M","70000","POLOS","SHIRT FEMALE","B"
"116","SFB-0115","NATURAL ORIGIN","RED","M","70000","POLOS","SHIRT FEMALE","B"
"117","SFB-0116","LABIO","RED","M","70000","POLOS","SHIRT FEMALE","B"
"118","SFB-0117","PAVOT CING","RED","M","70000","POLOS","SHIRT FEMALE","B"
"119","SFB-0118","TK","NAVY","L","70000","POLOS","SHIRT FEMALE","B"
"120","SFB-0119","LA FERE","CREAM","M","70000","POLOS","SHIRT FEMALE","B"
"121","SFB-0120","CLOSSHI","CREAM","M","70000","POLOS","SHIRT FEMALE","B"
"122","SFB-0121","IMAGE 1","LIGHT GREY","M","70000","POLOS","SHIRT FEMALE","B"
"123","SFB-0122","J CREW","NAVY","M","70000","POLOS","SHIRT FEMALE","B"
"124","SFB-0123","SNIDEL","LIGHT BLUE","M","70000","POLOS","SHIRT FEMALE","B"
"125","SFB-0124","NO BRAND","LIGHT BLUE","M","70000","POLOS","SHIRT FEMALE","B"
"126","SFB-0125","TAMTAMAN","LIGHT BLUE","M","70000","POLOS","SHIRT FEMALE","B"
"127","SFB-0126","JOKY GAL","LIGHT BLUE","M","70000","POLOS","SHIRT FEMALE","B"
"128","SFB-0127","NEEWYORK & COMPANY","PINK","M","70000","POLOS","SHIRT FEMALE","B"
"129","SFB-0128","NIREANA","PINK","L","70000","POLOS","SHIRT FEMALE","B"
"130","SFB-0129","NO BRAND","NAVY","M","70000","POLOS","SHIRT FEMALE","B"
"131","SFB-0130","FIELD DREAM","NAVY","M","70000","POLOS","SHIRT FEMALE","B"
"132","SFB-0131","CRIYEEL","PURPLE","M","70000","POLOS","SHIRT FEMALE","B"
"133","SFB-0132","CHRIS MONTEZ","CREAM","M","70000","POLOS","SHIRT FEMALE","B"
"134","SFB-0133","NO BRAND","GREY","M","70000","POLOS","SHIRT FEMALE","B"
"135","SFB-0134","NO BRAND","YELLOW","M","70000","POLOS","SHIRT FEMALE","B"
"136","SFB-0135","LITTLE EMOTION","BLUE","M","70000","POLOS","SHIRT FEMALE","B"
"137","SFB-0136","THE SUIT COMPANY","NAVY","LL","70000","POLOS","SHIRT FEMALE","B"
"138","SFB-0137","GOOD DAY","CREAM","S","70000","POLOS","SHIRT FEMALE","B"
"139","SFB-0138","WANCHECHOU","ORANGE","M","70000","POLOS","SHIRT FEMALE","B"
"140","SFB-0139","LUCA HOUSE","CREAM","L","70000","POLOS","SHIRT FEMALE","B"
"141","SFB-0140","UNIQLO","GREEN","M","70000","POLOS","SHIRT FEMALE","B"
"142","SFB-0141","HAPPINESS","LIGHT BLUE","L","70000","POLOS","SHIRT FEMALE","B"
"143","SFB-0142","PASSASPORT","PURPLE","L","70000","POLOS","SHIRT FEMALE","B"
"144","SFB-0143","SLOWLIFE","BROWN","L","70000","POLOS","SHIRT FEMALE","B"
"145","SFB-0144","CLAUDE CROSS","PINK","M","70000","POLOS","SHIRT FEMALE","B"
"146","SFB-0145","CLOSSHI","GREEN","M","70000","POLOS","SHIRT FEMALE","B"
"147","SFB-0146","CHARGE","CREAM","L","70000","POLOS","SHIRT FEMALE","B"
"148","SFB-0147","GEORGE","LIGHT GREEN","XL","70000","POLOS","SHIRT FEMALE","B"
"149","SFB-0148","MIN","BLUE","M","70000","POLOS","SHIRT FEMALE","B"
"150","SFB-0149","GLOBAL WORK","PURPLE","S","70000","POLOS","SHIRT FEMALE","B"
"151","SFB-0150","UNIQLO","BLUE","S","70000","POLOS","SHIRT FEMALE","B"
"152","SFB-0151","AYLESBURRY","GREY","S","70000","POLOS","SHIRT FEMALE","B"
"153","SFB-0152","EARTH","BLUE","S","70000","POLOS","SHIRT FEMALE","B"
"154","SFB-0153","GAMINERIE","PINK","S","70000","POLOS","SHIRT FEMALE","B"
"155","SFB-0154","JINO HOUSE","BROWN","L","70000","POLOS","SHIRT FEMALE","B"
"156","SFB-0155","CANTONESE","PINK","M","70000","POLOS","SHIRT FEMALE","B"
"157","SFB-0156","DRESKIP","GREEN","M","70000","POLOS","SHIRT FEMALE","B"
"158","SFB-0157","NEARWORLD GARMENT","PINK","M","70000","POLOS","SHIRT FEMALE","B"
"159","SFB-0158","GERINGUR","GREEN","M","70000","POLOS","SHIRT FEMALE","B"
"160","SFB-0159","HOLYDEAL","CREAM","M","70000","POLOS","SHIRT FEMALE","B"
"161","SFB-0160","CLOSSHI","LIGHT BLUE","L","70000","POLOS","SHIRT FEMALE","B"
"162","SFB-0161","SPB","CREAM","M","70000","POLOS","SHIRT FEMALE","B"
"163","SFB-0162","SUNNY CLOUD","BROWN","L","70000","POLOS","SHIRT FEMALE","B"
"164","SFB-0163","BIWALL","WHITE","L","70000","POLOS","SHIRT FEMALE","B"
"165","SFB-0164","CANTONESE","CREAM","M","70000","POLOS","SHIRT FEMALE","B"
"166","SFB-0165","SAMRANG","PURPLE","L","70000","POLOS","SHIRT FEMALE","B"
"167","SFB-0166","OH ENERGY","GREY","M","70000","POLOS","SHIRT FEMALE","B"
"168","SFB-0167","ESPRITMUR","PINK","L","70000","POLOS","SHIRT FEMALE","B"
"169","SFB-0168","MOU DES JOUR","PURPLE","L","70000","POLOS","SHIRT FEMALE","B"
"170","SFB-0169","LINIOPI","GREY","M","70000","POLOS","SHIRT FEMALE","B"
"171","SFB-0170","SAND BEIGE","GREY","M","70000","POLOS","SHIRT FEMALE","B"
"172","SFB-0171","417","WHITE","M","70000","POLOS","SHIRT FEMALE","B"
"173","SFB-0172","JINO HOUSE","TOSCA","L","70000","POLOS","SHIRT FEMALE","B"
"174","SFB-0173","NOBRAND","CREAM","L","70000","POLOS","SHIRT FEMALE","B"
"175","SFB-0174","FEEL YOUR WAY","PEACH","M","70000","POLOS","SHIRT FEMALE","B"
"176","SFB-0175","TALASSIO","CREAM","L","70000","POLOS","SHIRT FEMALE","B"
"177","SFB-0176","BRICK HOUSE","PURPLE","L","70000","POLOS","SHIRT FEMALE","B"
"178","SFB-0177","LOUISE","CREAM","M","70000","POLOS","SHIRT FEMALE","B"
"179","SFB-0178","IZE","GREY","M","70000","POLOS","SHIRT FEMALE","B"
"180","SFB-0179","CIEN MIL","PURPLE","M","70000","POLOS","SHIRT FEMALE","B"
"181","SFB-0180","KOMIKYOKU","LIGHT PURPLE","S","70000","POLOS","SHIRT FEMALE","B"
"182","SFB-0181","NOBRAND","PINK","S","70000","POLOS","SHIRT FEMALE","B"
"183","SFB-0182","COLLECT CALL","PINK","M","70000","POLOS","SHIRT FEMALE","B"
"184","SFB-0183","MARGARET HOWELL","GREY","M","70000","POLOS","SHIRT FEMALE","B"
"185","SFB-0184","NO BRAND","GREY","L","70000","POLOS","SHIRT FEMALE","B"
"186","SFB-0185","NARA CAMICIE","BROWN","M","70000","POLOS","SHIRT FEMALE","B"
"187","SFB-0186","UNIQLO UJ","BLUE","L","70000","DENIM","SHIRT FEMALE","B"
"188","SFB-0187","AFRICA TARO","BLUE","M","70000","DENIM","SHIRT FEMALE","B"
"189","SFB-0188","NATURAL COUTURE","BLUE","L","70000","DENIM","SHIRT FEMALE","B"
"190","SFB-0189","SORRIDERE","WHITE, BLUE","L","70000","DENIM","SHIRT FEMALE","B"
"191","SFB-0190","GAP","BLUE","XS","70000","DENIM","SHIRT FEMALE","B"
"192","SFB-0191","BACKNUMBER","BLUE","M","70000","DENIM","SHIRT FEMALE","B"
"193","SFB-0192","CORNFLAKE","BLUE","M","70000","DENIM","SHIRT FEMALE","B"
"194","SFB-0193","CINEMA CLUB","BLUE","M","70000","DENIM","SHIRT FEMALE","B"
"195","SFB-0194","AO","CREAM","M","70000","DENIM","SHIRT FEMALE","B"
"196","SFB-0195","LIP SERVICE","DARK BLUE","M","70000","DENIM","SHIRT FEMALE","B"
"197","SFB-0196","MARBLE CHOICE","DARK BLUE","5L","70000","DENIM","SHIRT FEMALE","B"
"198","SFB-0197","FLOWER CIRCLE","MINT","S","70000","DENIM","SHIRT FEMALE","B"
"199","SFB-0198","NO BRAND","BLUE","M","70000","DENIM","SHIRT FEMALE","B"
"200","SFB-0199","FRANK BEAR","BLUE","M","70000","DENIM","SHIRT FEMALE","B"
"201","SFB-0200","UNIQLO","BLUE","L","70000","DENIM","SHIRT FEMALE","B"
"202","SFB-0201","PERFECT SUNNY DAY","BLUE","L","70000","DENIM","SHIRT FEMALE","B"
"203","SFB-0202","BACKNUMBER","BLUE","S","70000","DENIM","SHIRT FEMALE","B"
"204","SFB-0203","CHOCOL RAFFINE","BLUE","L","70000","DENIM","SHIRT FEMALE","B"
"205","SFB-0204","RAW EDGE","BLUE","M","70000","DENIM","SHIRT FEMALE","B"
"206","SFB-0205","NO BRAND","BLUE","M","70000","DENIM","SHIRT FEMALE","B"
"207","SFB-0206","SORRIDERE","LIGHT BLUE","L","70000","DENIM","SHIRT FEMALE","B"
"208","SFB-0207","FADED GLORY","DARK BLUE","M","70000","DENIM","SHIRT FEMALE","B"
"209","SFB-0208","PLANET BLUE","BLUE","L","70000","DENIM","SHIRT FEMALE","B"
"210","SFB-0209","ROPE PICNIC","LIGHT BLUE","M","70000","DENIM","SHIRT FEMALE","B"
"211","SFB-0210","DAILY TOPIC","LIGHT BLUE","L","70000","DENIM","SHIRT FEMALE","B"
"212","SFB-0211","SMALL REGULER","LIGHT BLUE","M","70000","DENIM","SHIRT FEMALE","B"
"213","SFB-0212","SUN LUCAS","DARK BLUE","M","70000","DENIM","SHIRT FEMALE","B"
"214","SFB-0213","MC GREGOR","DARK BLUE","L","70000","DENIM","SHIRT FEMALE","B"
"215","SFB-0214","AGATE LABEL","DARK BLUE","S","70000","DENIM","SHIRT FEMALE","B"
"216","SFB-0215","LAGKAW","DARK BLUE","M","70000","DENIM","SHIRT FEMALE","B"
"217","SFB-0216","POPPINS","BLUE","M","70000","DENIM","SHIRT FEMALE","B"
"218","SFB-0217","COLZA","BLUE","S","70000","DENIM","SHIRT FEMALE","B"
"219","SFB-0218","RETRO GIRL","BLUE","XL","70000","DENIM","SHIRT FEMALE","B"
"220","SFB-0219","MARIENE JOBERT","BLACK","L","70000","BLACK","SHIRT FEMALE","B"
"221","SFB-0220","CASARIN CRANE","BLACK","M","70000","BLACK","SHIRT FEMALE","B"
"222","SFB-0221","HOT CAKE","BLACK","L","70000","BLACK","SHIRT FEMALE","B"
"223","SFB-0222","OTTO COLLECTION","BLACK","M","70000","BLACK","SHIRT FEMALE","B"
"224","SFB-0223","SPB","BLACK","M","70000","BLACK","SHIRT FEMALE","B"
"225","SFB-0224","NO BRAND","BLACK","L","70000","BLACK","SHIRT FEMALE","B"
"226","SFB-0225","SAUSALITO","BLACK","M","70000","BLACK","SHIRT FEMALE","B"
"227","SFB-0226","YOU FAMILY","BLACK","L","70000","BLACK","SHIRT FEMALE","B"
"228","SFB-0227","MENLOVE","BLACK","L","70000","BLACK","SHIRT FEMALE","B"
"229","SFB-0228","BEANEE+TUNING","BLACK","M","70000","BLACK","SHIRT FEMALE","B"
"230","SFB-0229","KUMIKYOKU","WHITE","L","70000","WHITE","SHIRT FEMALE","B"
"231","SFB-0230","DES VAGUES","WHITE","L","70000","WHITE","SHIRT FEMALE","B"
"232","SFB-0231","L.A","WHITE","M","70000","WHITE","SHIRT FEMALE","B"
"233","SFB-0232","BIWALL","WHITE","L","70000","WHITE","SHIRT FEMALE","B"
"234","SFB-0233","BARNYARDSTORM","WHITE","M","70000","WHITE","SHIRT FEMALE","B"
"235","SFB-0234","DLS","WHITE","M","70000","WHITE","SHIRT FEMALE","B"
"236","SFB-0235","ANCHOR WOMAN","WHITE","M","70000","WHITE","SHIRT FEMALE","B"
"237","SFB-0236","BUSINESS EXPERT","WHITE","XL","70000","WHITE","SHIRT FEMALE","B"
"238","SFB-0237","BIPLAN ","WHITE","M","70000","WHITE","SHIRT FEMALE","B"
"239","SFB-0238","F.W.K","WHITE","L","70000","WHITE","SHIRT FEMALE","B"
"240","SFB-0239","THEORIA","WHITE","M","70000","WHITE","SHIRT FEMALE","B"
"241","SFB-0240","PERSON'S","WHITE","M","70000","WHITE","SHIRT FEMALE","B"
"242","SFB-0241","NO BRAND","WHITE","XL","70000","WHITE","SHIRT FEMALE","B"
"243","SFB-0242","NO BRAND","WHITE","S","70000","WHITE","SHIRT FEMALE","B"
"244","SFB-0243","9 YR","WHITE","S","70000","WHITE","SHIRT FEMALE","B"
"245","SFB-0244","GLEEFUL","WHITE","M","70000","WHITE","SHIRT FEMALE","B"
"246","SFB-0245","CLOSSHI","WHITE","L","70000","WHITE","SHIRT FEMALE","B"
"247","SFB-0246","ANN TAYLOR","WHITE","L","70000","WHITE","SHIRT FEMALE","B"
"248","SFB-0247","HYPEN WORLD GALLERY","WHITE","M","70000","WHITE","SHIRT FEMALE","B"
"249","SFB-0248","NUEVE","WHITE","L","70000","WHITE","SHIRT FEMALE","B"
"250","SFB-0249","RALPH EVANS","WHITE","L","70000","WHITE","SHIRT FEMALE","B"
"251","SFB-0250","OFU","WHITE","S","70000","WHITE","SHIRT FEMALE","B"
"252","SFB-0251","FREUDE","WHITE","L","70000","WHITE","SHIRT FEMALE","B"
"253","SFB-0252","NO BRAND","WHITE","M","70000","WHITE","SHIRT FEMALE","B"
"254","SFB-0253","NEW YORKER","WHITE","S","70000","WHITE","SHIRT FEMALE","B"
"255","SFB-0254","PASHPOINT","WHITE","XL","70000","WHITE","SHIRT FEMALE","B"
"256","SFB-0255","LITTLE BOUTIQUE","WHITE","M","70000","WHITE","SHIRT FEMALE","B"
"257","SFB-0256","UPTIGHT","BLUE, WHITE","M","70000","STRIP","SHIRT FEMALE","B"
"258","SFB-0257","SHIRTS COLLECTION","LIGHT BLUE","L","70000","STRIP","SHIRT FEMALE","B"
"259","SFB-0258","APSRA","WHITE GREEN","M","70000","STRIP","SHIRT FEMALE","B"
"260","SFB-0259","MIDOPA","CREAM","L","70000","STRIP","SHIRT FEMALE","B"
"261","SFB-0260","CANTONESE","GREY","M","70000","STRIP","SHIRT FEMALE","B"
"262","SFB-0261","NO BRAND","LIGHT BLUE","L","70000","STRIP","SHIRT FEMALE","B"
"263","SFB-0262","CLOSSHI","BLUE","L","70000","STRIP","SHIRT FEMALE","B"
"264","SFB-0263","ANNIE LAURIE","CREAM","L","70000","STRIP","SHIRT FEMALE","B"
"265","SFB-0264","DOGGY","BLUE","L","70000","STRIP","SHIRT FEMALE","B"
"266","SFB-0265","NO BRAND","BLUE","L","70000","STRIP","SHIRT FEMALE","B"
"267","SFB-0266","JANE EYRE","DARK BLUE","M","70000","STRIP","SHIRT FEMALE","B"
"268","SFB-0267","CLOSSHI","WHITE, GREY","LL","70000","STRIP","SHIRT FEMALE","B"
"269","SFB-0268","ISIN","WHITE GREY","5L","70000","STRIP","SHIRT FEMALE","B"
"270","SFB-0269","URAMOCO","BLUE","LL","70000","STRIP","SHIRT FEMALE","B"
"271","SFB-0270","SIRMIONE","WHITE","L","70000","STRIP","SHIRT FEMALE","B"
"272","SFB-0271","SOUTHERN LADY","PINK","L","70000","STRIP","SHIRT FEMALE","B"
"273","SFB-0272","COMME CA DU MODE","WHITE GREY","L","70000","STRIP","SHIRT FEMALE","B"
"274","SFB-0273","J CREW","BLACK WHITE","XS","70000","STRIP","SHIRT FEMALE","B"
"275","SFB-0274","INDIVI","WHITE","L","70000","STRIP","SHIRT FEMALE","B"
"276","SFB-0275","GEMBONY","BLUE","LL","70000","STRIP","SHIRT FEMALE","B"
"277","SFB-0276","NO BRAND","BLUE","M","70000","STRIP","SHIRT FEMALE","B"
"278","SFB-0277","YUCARA","BLUE","M","70000","STRIP","SHIRT FEMALE","B"
"279","SFB-0278","BRICK HOUSE","WHITE","S","70000","MOTIF","SHIRT FEMALE","B"
"280","SFB-0279","MADAM ANDY","WHITE","M","70000","MOTIF","SHIRT FEMALE","B"
"281","SFB-0280","ALLOWED TO UNFOLD","WHITE","M","70000","MOTIF","SHIRT FEMALE","B"
"282","SFB-0281","RALPH LAUREN","PURPLE","M","70000","MOTIF","SHIRT FEMALE","B"
"283","SFB-0282","KIM ROGERS","BLUE","M","70000","MOTIF","SHIRT FEMALE","B"
"284","SFB-0283","NO BRAND","PINK","M","70000","MOTIF","SHIRT FEMALE","B"
"285","SFB-0284","STUDIO CLIP","WHITE","M","70000","MOTIF","SHIRT FEMALE","B"
"286","SFB-0285","BASIC TONE","NAVY","M","70000","MOTIF","SHIRT FEMALE","B"
"287","SFB-0286","FLATTA","CREAM","M","70000","MOTIF","SHIRT FEMALE","B"
"288","SFB-0287","LADIES ASHIC","WHITE","M","70000","MOTIF","SHIRT FEMALE","B"
"289","SFB-0288","NO BRAND","WHITE","M","70000","MOTIF","SHIRT FEMALE","B"
"290","SFB-0289","REGATTA","TOSCA","S","70000","MOTIF","SHIRT FEMALE","B"
"291","SFB-0290","NO BRAND","COLORFUL","M","70000","MOTIF","SHIRT FEMALE","B"
"292","SFB-0291","RED GRAPE","WHITE","M","70000","MOTIF","SHIRT FEMALE","B"
"293","SFB-0292","G COLLECTION","BLUE","L","70000","MOTIF","SHIRT FEMALE","B"
"294","SFB-0293","CREPERIE","WHITE","M","70000","MOTIF","SHIRT FEMALE","B"
"295","SFB-0294","BRICK HOUSE","GREEN","M","70000","MOTIF","SHIRT FEMALE","B"
"296","SFB-0295","TRANS WORK","PINK","L","70000","MOTIF","SHIRT FEMALE","B"
"297","SFB-0296","JAPANESE","WHITE","M","70000","MOTIF","SHIRT FEMALE","B"
"298","SFB-0297","ELLCORE","BLACK","L","70000","MOTIF","SHIRT FEMALE","B"
"299","SFB-0298","CARO CARA","ORANGE","M","70000","MOTIF","SHIRT FEMALE","B"
"300","SFB-0299","BACK NUMBER","GREY","S","70000","MOTIF","SHIRT FEMALE","B"
"301","SFB-0300","GU","WHITE","M","70000","MOTIF","SHIRT FEMALE","B"
"302","SFB-0301","GEMBONY","NAVY","M","70000","MOTIF","SHIRT FEMALE","B"
"303","SFB-0302","NO BRAND","GREEN","M","70000","MOTIF","SHIRT FEMALE","B"
"304","SFB-0303","NUEVO.VA","CREAM","M","70000","MOTIF","SHIRT FEMALE","B"
"305","SFB-0304","NO BRAND","WHITE","L","70000","MOTIF","SHIRT FEMALE","B"
"306","SFB-0305","VIA MODE","COLORFUL","M","70000","MOTIF","SHIRT FEMALE","B"
"307","SFB-0306","TABLOT","RED","L","70000","MOTIF","SHIRT FEMALE","B"
"308","SFB-0307","90ANS","WHITE","M","70000","MOTIF","SHIRT FEMALE","B"
"309","SFB-0308","VISBY","BLUE, WHITE","M","70000","MOTIF","SHIRT FEMALE","B"
"310","SFB-0309","SLOWLIFE","WHITE","L","70000","MOTIF","SHIRT FEMALE","B"
"311","SFB-0310","NO BRAND ","WHITE","L","70000","MOTIF","SHIRT FEMALE","B"
"2","DKB-0001","ceald","motif","M","50000","","DRESS KATUN","B"
"4","DKB-0003","native wit","grey","M","50000","","DRESS KATUN","B"
"5","DKB-0004","no brand 3","grey stripe","M","50000","","DRESS KATUN","B"
"6","DKB-0005","francaise","stripe purple","M","50000","","DRESS KATUN","B"
"7","DKB-0006","samansa mos2","navy","M","50000","","DRESS KATUN","B"
"8","DKB-0007","simplicite","white","M","50000","","DRESS KATUN","B"
"9","DKB-0008","atsuro tayana ","black","M","50000","","DRESS KATUN","B"
"10","DKB-0009","No brand 4","stripe","M","50000","","DRESS KATUN","B"
"11","DKB-0010","N, ","grey","M","50000","","DRESS KATUN","B"
"12","DKB-0011","monteu","stripe navy ","M","50000","","DRESS KATUN","B"
"13","DKB-0012","UNIQLO","GREY","M","50000","","DRESS KATUN","B"
"14","DKB-0013","No brand 5","yellow","M","50000","","DRESS KATUN","B"
"16","DKB-0015","la foret","stripe black grey","M","50000","","DRESS KATUN","B"
"17","DKB-0016","fait mains","motif","M","50000","","DRESS KATUN","B"
"18","DKB-0017","MALAIKA","Motif","M","50000","","DRESS KATUN","B"
"19","DKB-0018","native wit","motif","M","50000","","DRESS KATUN","B"
"20","DKB-0019","No brand 7","navy","M","50000","","DRESS KATUN","B"
"21","DKB-0020","Coen","stripe maroon","M","50000","","DRESS KATUN","B"
"22","DKB-0021","BARBARELLA","Motif","M","50000","","DRESS KATUN","B"
"23","DKB-0022","no brand 8","navy","M","50000","","DRESS KATUN","B"
"24","DKB-0023","sorridere","blue light","M","50000","","DRESS KATUN","B"
"25","DKB-0024","world champion","black","M","50000","","DRESS KATUN","B"
"26","DKB-0025","carnaby","motif","M","50000","","DRESS KATUN","B"
"27","DKB-0026","bateaumouche","motif","S","50000","","DRESS KATUN","B"
"28","DKB-0027","Maple sugar","motif","S","50000","","DRESS KATUN","B"
"29","DKB-0028","Arabis","stripe","S","50000","","DRESS KATUN","B"
"30","DKB-0029","Francaise","brown stripe","S","50000","","DRESS KATUN","B"
"33","DKB-0032","NO BRAND 9","MOTIF","M","50000","","DRESS KATUN","B"
"38","DKB-0037","A.V.V STANDARD","GREY","M","50000","","DRESS KATUN","B"
"47","DKB-0046","NO BRAND 11","GREY","L","50000","","DRESS KATUN","B"
"48","DKB-0047","EF-DE","BROWN ","M","50000","","DRESS KATUN","B"
"49","DKB-0048","MAISON DE PLAGE","GREY","L","50000","","DRESS KATUN","B"
"50","DKB-0049","BURETTE CLUB","MOTIF","M","50000","","DRESS KATUN","B"
"54","DKB-0053","NO BRAND 12","STRIPE","M","50000","","DRESS KATUN","B"
"57","DKB-0056","SUNNY CLOUDS","GREY","L","50000","","DRESS KATUN","B"
"58","DKB-0057","CLOSE UP","MOTIF","M","50000","","DRESS KATUN","B"
"59","DKB-0058","LYNN","YELLOW","M","50000","","DRESS KATUN","B"
"63","DKB-0062","KHALITA","BLACK","M","50000","","DRESS KATUN","B"
"64","DKB-0063","KOREAN BRAND","NAVY","M","50000","","DRESS KATUN","B"
"66","DKB-0065","SORSA","NAVY","XL","50000","","DRESS KATUN","B"
"67","DKB-0066","XLO BRAND ","GREY","M","50000","","DRESS KATUN","B"
"68","DKB-0067","A.V.V STANDARD","GREY NAVY","M","50000","","DRESS KATUN","B"
"69","DKB-0068","W CLOSET WEARS INC","MOTIF","M","50000","","DRESS KATUN","B"
"70","DKB-0069","LBC","MOTIF","L","50000","","DRESS KATUN","B"
"71","DKB-0070","MAMMY LUNA ","MOTIF","M","50000","","DRESS KATUN","B"
"72","DKB-0071","ROPI PICNIC","BLACK","M","50000","","DRESS KATUN","B"
"73","DKB-0072","MIMI COLLECTION","MOTIF","XL","50000","","DRESS KATUN","B"
"74","DKB-0073","S_COLLECTION ","BLACK","S","50000","","DRESS KATUN","B"
"75","DKB-0074","BECKY","BLACK","S","50000","","DRESS KATUN","B"
"76","DKB-0075","HAPPY MAIL","MOTIF","M","50000","","DRESS KATUN","B"
"77","DKB-0076","VALLEY GIRL","PEACH","M","50000","","DRESS KATUN","B"
"78","DKB-0077","MIGNON","MOTIF","M","50000","","DRESS KATUN","B"
"79","DKB-0078","SLOBE","ARMY","M","50000","","DRESS KATUN","B"
"80","DKB-0079","ROSE TIARA","MOTIF","M","50000","","DRESS KATUN","B"
"83","DKB-0082","NICE CLAUP","GREY","M","50000","","DRESS KATUN","B"
"84","DKB-0083","PETITREITRE","NAVY","M","50000","","DRESS KATUN","B"
"85","DKB-0084","NO BRAND 16","MOTIF","M","50000","","DRESS KATUN","B"
"86","DKB-0085","ARTEMIS","GREY","M","50000","","DRESS KATUN","B"
"87","DKB-0086","SUPRE","TOSCA","XL","50000","","DRESS KATUN","B"
"88","DKB-0087","SANE'S ADDICTION","BLACK","M","50000","","DRESS KATUN","B"
"89","DKB-0088","AMY","MOTIF","M","50000","","DRESS KATUN","B"
"91","DKB-0090","90ANS","MOTIF","L","50000","","DRESS KATUN","B"
"92","DKB-0091","L'ESPORT","GREY","L","50000","","DRESS KATUN","B"
"93","DKB-0092","NO BRAND 18","MOTIF","S","50000","","DRESS KATUN","B"
"94","DKB-0093","TREND VIEW","WHITE","M","50000","","DRESS KATUN","B"
"95","DKB-0094","PLUS 2","STRIPE","M","50000","","DRESS KATUN","B"
"96","DKB-0095","SHOO LA FUE","GREY","M","50000","","DRESS KATUN","B"
"97","DKB-0096","DRUG STROR'S","GREY","M","50000","","DRESS KATUN","B"
"1","TFB-0000","NOW","pink","M","50000","","T'SHIRT FEMALE","B"
"2","TFB-0001","Anko","Mocca","M","50000","","T'SHIRT FEMALE","B"
"3","TFB-0002","GIVONI","Blue","M","50000","","T'SHIRT FEMALE","B"
"4","TFB-0003","CIRCUIT","Green white","M","50000","","T'SHIRT FEMALE","B"
"5","TFB-0004","Emerson","Blue","M","50000","","T'SHIRT FEMALE","B"
"6","TFB-0005","Anko","Black","M","50000","","T'SHIRT FEMALE","B"
"7","TFB-0006","Everyday","Black","XS","50000","","T'SHIRT FEMALE","B"
"8","TFB-0007","CINCIN","White","M","50000","","T'SHIRT FEMALE","B"
"9","TFB-0008","HOT ","pink stripe","M","50000","","T'SHIRT FEMALE","B"
"10","TFB-0009","Sara","Red","M","50000","","T'SHIRT FEMALE","B"
"11","TFB-0010","Assembly Label","White","M","50000","","T'SHIRT FEMALE","B"
"12","TFB-0011","anko","white","M","50000","","T'SHIRT FEMALE","B"
"13","TFB-0012","TITTY TWISTER","Orange","M","50000","","T'SHIRT FEMALE","B"
"14","TFB-0013","Favourites","orange","M","50000","","T'SHIRT FEMALE","B"
"15","TFB-0014","No Brand 1","Grey","M","50000","","T'SHIRT FEMALE","B"
"16","TFB-0015","Now","White","M","50000","","T'SHIRT FEMALE","B"
"17","TFB-0016","No Brand 2","Green","M","50000","","T'SHIRT FEMALE","B"
"18","TFB-0017","No Brand 3","Full Color","M","50000","","T'SHIRT FEMALE","B"
"19","TFB-0018","Sussan","Black","M","50000","","T'SHIRT FEMALE","B"
"20","TFB-0019","Millers","Green white","M","50000","","T'SHIRT FEMALE","B"
"21","TFB-0020","ACTIVE","pink","M","50000","","T'SHIRT FEMALE","B"
"22","TFB-0021","Sfera Basic","Blue Stripe","M","50000","","T'SHIRT FEMALE","B"
"23","TFB-0022","Ffafourites","Pink","M","50000","","T'SHIRT FEMALE","B"
"24","TFB-0023","DIVIDED","Pink","M","50000","","T'SHIRT FEMALE","B"
"25","TFB-0024","Suzannegrae","Tribal","M","50000","","T'SHIRT FEMALE","B"
"26","TFB-0025","sportgirls","navy","M","50000","","T'SHIRT FEMALE","B"
"27","TFB-0026","Suzannegrae","Blue","M","50000","","T'SHIRT FEMALE","B"
"28","TFB-0027","10","Blue","M","50000","","T'SHIRT FEMALE","B"
"29","TFB-0028","Seed","yellow stripe","M","50000","","T'SHIRT FEMALE","B"
"30","TFB-0029","Now","yellow","M","50000","","T'SHIRT FEMALE","B"
"31","TFB-0030","Country road","yellow","M","50000","","T'SHIRT FEMALE","B"
"32","TFB-0031","No Brand 4","Motif","M","50000","","T'SHIRT FEMALE","B"
"33","TFB-0032","Collection","White","M","50000","","T'SHIRT FEMALE","B"
"34","TFB-0033","Now ","pink","M","50000","","T'SHIRT FEMALE","B"
"35","TFB-0034","ANKO","black","M","50000","","T'SHIRT FEMALE","B"
"36","TFB-0035","target collection","Navy","M","50000","","T'SHIRT FEMALE","B"
"37","TFB-0036","Glassons","White","M","50000","","T'SHIRT FEMALE","B"
"38","TFB-0037","NBCF","Pink","M","50000","","T'SHIRT FEMALE","B"
"39","TFB-0038","Croline Morgan","peach","M","50000","","T'SHIRT FEMALE","B"
"40","TFB-0039","Now Essentials","Black","M","50000","","T'SHIRT FEMALE","B"
"41","TFB-0040","millers","navy","M","50000","","T'SHIRT FEMALE","B"
"42","TFB-0041","Portmans","black","S","50000","","T'SHIRT FEMALE","B"
"43","TFB-0042","Valleygirl","Black","M","50000","","T'SHIRT FEMALE","B"
"44","TFB-0043","Now","Navy","M","50000","","T'SHIRT FEMALE","B"
"45","TFB-0044","uniqlo","flower","S","50000","","T'SHIRT FEMALE","B"
"46","TFB-0045","12","blue","S","50000","","T'SHIRT FEMALE","B"
"47","TFB-0046","millers","blue","M","50000","","T'SHIRT FEMALE","B"
"48","TFB-0047","10","Black","M","50000","","T'SHIRT FEMALE","B"
"49","TFB-0048","Suzannegrae","White","M","50000","","T'SHIRT FEMALE","B"
"50","TFB-0049","T bar","White","M","50000","","T'SHIRT FEMALE","B"
"51","TFB-0050","Jeans west","White","M","50000","","T'SHIRT FEMALE","B"
"52","TFB-0051","No Brand 5","pink","M","50000","","T'SHIRT FEMALE","B"
"53","TFB-0052","rodonna","Navy","M","50000","","T'SHIRT FEMALE","B"
"54","TFB-0053","American Apparel","orange","M","50000","","T'SHIRT FEMALE","B"
"55","TFB-0054","Suzannegrae","White","M","50000","","T'SHIRT FEMALE","B"
"56","TFB-0055","rivers","black","M","50000","","T'SHIRT FEMALE","B"
"57","TFB-0056","true harmony","white","M","50000","","T'SHIRT FEMALE","B"
"58","TFB-0057","the fitted crew","pink","M","50000","","T'SHIRT FEMALE","B"
"59","TFB-0058","bub2b","black","M","50000","","T'SHIRT FEMALE","B"
"60","TFB-0059","supre","white","M","50000","","T'SHIRT FEMALE","B"
"61","TFB-0060","maggie","blue","M","50000","","T'SHIRT FEMALE","B"
"62","TFB-0061","18","Purple","M","50000","","T'SHIRT FEMALE","B"
"63","TFB-0062","GEORGE","pink","M","50000","","T'SHIRT FEMALE","B"
"64","TFB-0063","now ","white","M","50000","","T'SHIRT FEMALE","B"
"65","TFB-0064","anko","white","M","50000","","T'SHIRT FEMALE","B"
"66","TFB-0065","Sportage ","white","M","50000","","T'SHIRT FEMALE","B"
"67","TFB-0066","10","yellow","M","50000","","T'SHIRT FEMALE","B"
"68","TFB-0067","NOW","Black","M","50000","","T'SHIRT FEMALE","B"
"69","TFB-0068","Sportsgirl","White","M","50000","","T'SHIRT FEMALE","B"
"70","TFB-0069","anko","purple","M","50000","","T'SHIRT FEMALE","B"
"71","TFB-0070","the stretch tank","peach","M","50000","","T'SHIRT FEMALE","B"
"72","TFB-0071","No Brand 6","white","M","50000","","T'SHIRT FEMALE","B"
"73","TFB-0072","regatta","motif","M","50000","","T'SHIRT FEMALE","B"
"74","TFB-0073","No Brand 7","Motif","M","50000","","T'SHIRT FEMALE","B"
"75","TFB-0074","marcopolo","red","M","50000","","T'SHIRT FEMALE","B"
"76","TFB-0075","No Brand ","Navy","S","50000","","T'SHIRT FEMALE","B"
"77","TFB-0076","hollister","red","S","50000","","T'SHIRT FEMALE","B"
"78","TFB-0077","decjuba","black","S","50000","","T'SHIRT FEMALE","B"
"79","TFB-0078","the garden collection","peach","M","50000","","T'SHIRT FEMALE","B"
"80","TFB-0079","Jeanswest","motif","M","50000","","T'SHIRT FEMALE","B"
"81","TFB-0080","ICE FASHION","BLACK WHITE","M","50000","","T'SHIRT FEMALE","B"
"82","TFB-0081","ROCKMANS","BLUE WHITE","M","50000","","T'SHIRT FEMALE","B"
"83","TFB-0082","MAGIC OF CHRISTMAS","WHITE","S","50000","","T'SHIRT FEMALE","B"
"84","TFB-0083","NOW","BLUE, BLACK","S","50000","","T'SHIRT FEMALE","B"
"85","TFB-0084","WITCHERY","GREY","S","50000","","T'SHIRT FEMALE","B"
"86","TFB-0085","H&M","WHITE","M","50000","","T'SHIRT FEMALE","B"
"87","TFB-0086","ASANA","PINK","S","50000","","T'SHIRT FEMALE","B"
"88","TFB-0087","TRENERY","BLACK, WHITE","XXL","50000","","T'SHIRT FEMALE","B"
"89","TFB-0088","NO BRAND","BLACK WHITE","S","50000","CARDIGAN","T'SHIRT FEMALE","B"
"90","TFB-0089","TILI","BLUE, WHITE","M","50000","","T'SHIRT FEMALE","B"
"91","TFB-0090","FORTNITE","BLACK","M","50000","","T'SHIRT FEMALE","B"
"92","TFB-0091","ANKO","WHITE, BLACK","M","50000","","T'SHIRT FEMALE","B"
"93","TFB-0092","ANKO","WHITE, BLACK","XL","50000","","T'SHIRT FEMALE","B"
"94","TFB-0093","NO BRAND","BLACK, WHITE","XXL","50000","","T'SHIRT FEMALE","B"
"95","TFB-0094","CONNOR","GREY, BLACK","S","50000","CROP TOP","T'SHIRT FEMALE","B"
"96","TFB-0095","W-LANE","BLACK, WHITE","L","50000","","T'SHIRT FEMALE","B"
"97","TFB-0096","CLOTHING & CO","WHITE, BLACK","XL","50000","","T'SHIRT FEMALE","B"
"98","TFB-0097","OZEMOCEAN","LIGHT GREY","M","50000","","T'SHIRT FEMALE","B"
"99","TFB-0098","CLOTHING & CO","GREY","L","50000","","T'SHIRT FEMALE","B"
"100","TFB-0099","WITCHERY","WHITE, BLACK","M","50000","","T'SHIRT FEMALE","B"
"101","TFB-0100","ED IT ED","GREY","XXL","50000","","T'SHIRT FEMALE","B"
"102","TFB-0101","FEROTI SPORT","GREY","XL","50000","","T'SHIRT FEMALE","B"
"103","TFB-0102","NOW","GREY, WHITE","L","50000","","T'SHIRT FEMALE","B"
"104","TFB-0103","KATIES ESSENSIAL","LIGHT GREY","XL","50000","","T'SHIRT FEMALE","B"
"105","TFB-0104","STEDMAN","GREY","L","50000","","T'SHIRT FEMALE","B"
"106","TFB-0105","BIZ COLLECTION","BLUE","M","50000","","T'SHIRT FEMALE","B"
"107","TFB-0106","NOW","WHITE, BLACK","L","50000","","T'SHIRT FEMALE","B"
"108","TFB-0107","ANKO","BLACK, WHITE","XL","50000","","T'SHIRT FEMALE","B"
"109","TFB-0108","DANII MINOGUE","GREEN, WHITE","L","50000","","T'SHIRT FEMALE","B"
"110","TFB-0109","MIZAN SHOP","GREY","L","50000","","T'SHIRT FEMALE","B"
"111","TFB-0110","MISS SHOP","LIGHT GREY","L","50000","","T'SHIRT FEMALE","B"
"112","TFB-0111","NO BRAND","BLACK, WHITE","XXL","50000","","T'SHIRT FEMALE","B"
"113","TFB-0112","NO BRAND","LIGHT BLUE","XL","50000","","T'SHIRT FEMALE","B"
"114","TFB-0113","SOLS","GREY","XS","50000","","T'SHIRT FEMALE","B"
"115","TFB-0114","WINNING SPIRIT","NAVY","XS","50000","","T'SHIRT FEMALE","B"
"116","TFB-0115","MOTHER CHOICE","WHITE","S","50000","","T'SHIRT FEMALE","B"
"117","TFB-0116","KHOKO","BLACK, WHITE","M","50000","","T'SHIRT FEMALE","B"
"118","TFB-0117","NO BRAND","GREEN","S","50000","","T'SHIRT FEMALE","B"
"119","TFB-0118","SUSSAN","BLUE","M","50000","","T'SHIRT FEMALE","B"
"120","TFB-0119","JAY JAYS","PINK","M","50000","","T'SHIRT FEMALE","B"
"121","TFB-0120","ANNE KLEIN","MOTIF","M","50000","","T'SHIRT FEMALE","B"
"122","TFB-0121","SPORTSCRAFT","BLACK, WHITE","L","50000","","T'SHIRT FEMALE","B"
"123","TFB-0122","ALLY","WHITE, GREY","M","50000","CROP TOP","T'SHIRT FEMALE","B"
"124","TFB-0123","FACTORIE","RED","XS","50000","","T'SHIRT FEMALE","B"
"125","TFB-0124","COTTON ON","BLACK, WHITE","L","50000","","T'SHIRT FEMALE","B"
"126","TFB-0125","COUNTRY ROAD","MOTIF","XS","50000","","T'SHIRT FEMALE","B"
"127","TFB-0126","B COLLECTION","COLORFUL","M","50000","","T'SHIRT FEMALE","B"
"1","BSA-0000","CINEMA CLUB","STRIPE BLUE WHITE","M","","","BLOUSE SIFON","A"
"2","BSA-0001","OFUON","BLUE WHITE","M","","","BLOUSE SIFON","A"
"3","BSA-0002","BOU JELOUD","MOTIF","M","","","BLOUSE SIFON","A"
"4","BSA-0003","EARTH","HITAM POLKADIT","M","","","BLOUSE SIFON","A"
"5","BSA-0004","NO BRAND 1","NAVY","M","","","BLOUSE SIFON","A"
"6","BSA-0005","ARABI'S","NAVY","M","","","BLOUSE SIFON","A"
"7","BSA-0006","NO BRAND 2","MOTIF","M","","TRANPARANT","BLOUSE SIFON","A"
"8","BSA-0007","Q.C.X.X","MOTIF","M","","","BLOUSE SIFON","A"
"9","BSA-0008","ENEME","MOTIF","M","","","BLOUSE SIFON","A"
"10","BSA-0009","SUNKING","BLUE","M","","TRANSPARANT","BLOUSE SIFON","A"
"11","BSA-0010","ROPE PICNIC","BLACK","M","","","BLOUSE SIFON","A"
"12","BSA-0011","ANYSIS","BROWN","M","","","BLOUSE SIFON","A"
"13","BSA-0012","GROVE","NAVY POLKADOT","M","","","BLOUSE SIFON","A"
"14","BSA-0013","ROLLINA","STRIPE","M","","","BLOUSE SIFON","A"
"15","BSA-0014","ALPHABETS ALPHABET","CREAM","M","","","BLOUSE SIFON","A"
"16","BSA-0015","CUTIE BLONDE","NAVY MOTIF","M","","","BLOUSE SIFON","A"
"17","BSA-0016","FO 21","WHITE","M","","","BLOUSE SIFON","A"
"18","BSA-0017","UNIQLO","WHITE","M","","","BLOUSE SIFON","A"
"19","BSA-0018","Q.C.X.X","STRIPE","M","","","BLOUSE SIFON","A"
"20","BSA-0019","VIOPLE","NAVY","M","","","BLOUSE SIFON","A"
"21","BSA-0020","GU","WHITE","M","","","BLOUSE SIFON","A"
"22","BSA-0021","EARTH","WHITE","M","","","BLOUSE SIFON","A"
"23","BSA-0022","EARTH","WHITE","M","","SABRINA","BLOUSE SIFON","A"
"24","BSA-0023","MIGNOM","MOTIF","M","","","BLOUSE SIFON","A"
"25","BSA-0024","LADYS WEAR","NAVY POLKADOT","M","","","BLOUSE SIFON","A"
"26","BSA-0025","ALPHABETS ALPHABET","MOTIF","M","","","BLOUSE SIFON","A"
"27","BSA-0026","PURELAST","MOTIF","M","","","BLOUSE SIFON","A"
"28","BSA-0027","CIAO PANIC","NAVY POLKADOT","M","","TRANSPARANT","BLOUSE SIFON","A"
"29","BSA-0028","MADY II","CREAM","M","","","BLOUSE SIFON","A"
"30","BSA-0029","RAG OUT","BLACK","M","","","BLOUSE SIFON","A"
"31","BSA-0030","OPAQUE CLIP","MOCCA","M","","","BLOUSE SIFON","A"
"32","BSA-0031","JE CHI CHI","STRIPE","M","","TRANSPARANT","BLOUSE SIFON","A"
"33","BSA-0032","GU","NAVY POLKADOT","M","","","BLOUSE SIFON","A"
"34","BSA-0033","GLACIER","MOTIF","L","","TRANSPARANT","BLOUSE SIFON","A"
"35","BSA-0034","CARLRAGAZZE","BLUE STRIPE","M","","","BLOUSE SIFON","A"
"36","BSA-0035","ZARA BASIC","WHITE","L","","","BLOUSE SIFON","A"
"37","BSA-0036","MARQUISE","MOTIF","M","","","BLOUSE SIFON","A"
"38","BSA-0037","INGNI","MOTIFKOTAK","S","","","BLOUSE SIFON","A"
"39","BSA-0038","CLEAR IMPRESSION","BLACK POLKADOT","M","","","BLOUSE SIFON","A"
"40","BSA-0039","IEDIT PREMIUM","PEACH","M","","","BLOUSE SIFON","A"
"41","BSA-0040","SPRAY PREMIUM","WHITE BLACK","M","","","BLOUSE SIFON","A"
"42","BSA-0041","H.W.W","MOTIF","M","","","BLOUSE SIFON","A"
"43","BSA-0042","NO BRAND 3","MOTIF","M","","","BLOUSE SIFON","A"
"44","BSA-0043","MOCA","YELLOW","M","","","BLOUSE SIFON","A"
"45","BSA-0044","CALABAZA","MOTIF","M","","","BLOUSE SIFON","A"
"46","BSA-0045","PAGEBOY","MOTIF","M","","","BLOUSE SIFON","A"
"47","BSA-0046","LACIFONELLI ","MOTIF","XL","","TRANSPARANT","BLOUSE SIFON","A"
"48","BSA-0047","NO BRAND 4","MOTIF","M","","SIFON","BLOUSE SIFON","A"
"49","BSA-0048","NO BRAND 5","RED","M","","","BLOUSE SIFON","A"
"50","BSA-0049","NO BRAND 6","BROWN","M","","","BLOUSE SIFON","A"
"51","BSA-0050","UNIQLO","RED","XL","","","BLOUSE SIFON","A"
"52","BSA-0051","TOKYO JAPAN","BROWN FLOWE","XL","","","BLOUSE SIFON","A"
"53","BSA-0052","EAGLE","BLUE WHITE","XL","","","BLOUSE SIFON","A"
"54","BSA-0053","RESPIGHI","BROWN","M","","","BLOUSE SIFON","A"
"55","BSA-0054","LOEANO","YELLOW","M","","","BLOUSE SIFON","A"
"56","BSA-0055","NUSNUSN","GREEN","L","","","BLOUSE SIFON","A"
"57","BSA-0056","PURE LIEBE","YELLOW","M","","","BLOUSE SIFON","A"
"58","BSA-0057","NEW LOOK","RED","M","","","BLOUSE SIFON","A"
"59","BSA-0058","ON LOVE OFF","NAVY MOTIF","M","","","BLOUSE SIFON","A"
"60","BSA-0059","NO BRAND 7","PURPLE","M","","","BLOUSE SIFON","A"
"61","BSA-0060","NO BRAND 8","GREEN","XL","","","BLOUSE SIFON","A"
"62","BSA-0061","AN ","BLACK","M","","SABRINA ","BLOUSE SIFON","A"
"63","BSA-0062","OFB","NAVY","M","","LENGAN KIPAS ","BLOUSE SIFON","A"
"1","BSD-0000","LACIFONELLI","MOTIF","M","","","BLOUSE SIFON","B"
"2","BSD-0001","NO BRAND 1","MOTIF","M","","","BLOUSE SIFON","B"
"3","BSD-0002","AS KNOW","MOTIF","M","","","BLOUSE SIFON","B"
"4","BSD-0003","MOUTH VALLEY","MOTIF","M","","","BLOUSE SIFON","B"
"5","BSD-0004","KAE MEI","MOTIF","M","","","BLOUSE SIFON","B"
"6","BSD-0005","JEAN DORE","MOTIF","M","","","BLOUSE SIFON","B"
"7","BSD-0006","TOKYO BLOUSE","MOTIF","M","","","BLOUSE SIFON","B"
"8","BSD-0007","TOUR DOR","MOTIF","M","","","BLOUSE SIFON","B"
"9","BSD-0008","A.V.V STANDARD","MOTIF","M","","","BLOUSE SIFON","B"
"10","BSD-0009","CPA","MOTIF","M","","","BLOUSE SIFON","B"
"11","BSD-0010","FB COLLECTION","MOTIF","M","","","BLOUSE SIFON","B"
"12","BSD-0011","THE SHOP TK","MOTIF","M","","","BLOUSE SIFON","B"
"13","BSD-0012","AXES FEMME","MOTIF","M","","","BLOUSE SIFON","B"
"14","BSD-0013","JILL STUART","MOTIF","M","","","BLOUSE SIFON","B"
"15","BSD-0014","CLASSA","MOTIF","M","","","BLOUSE SIFON","B"
"16","BSD-0015","TALASSIO","MOTIF","M","","","BLOUSE SIFON","B"
"17","BSD-0016","GROWING RICH","MOTIF","S","","","BLOUSE SIFON","B"
"18","BSD-0017","DIVA","MOTIF","S","","","BLOUSE SIFON","B"
"19","BSD-0018","PURPLE RAIN","MOTIF","M","","","BLOUSE SIFON","B"
"20","BSD-0019","NO BRAND 2","MOTIF","S","","","BLOUSE SIFON","B"
"21","BSD-0020","VING TROIS","MOTIF","M","","","BLOUSE SIFON","B"
"22","BSD-0021","SAZUN FORK","MOTIF","M","","","BLOUSE SIFON","B"
"23","BSD-0022","CONOSOPHIA","MOTIF","M","","","BLOUSE SIFON","B"
"24","BSD-0023","MARSHMALLOW ROWN","MOTIF","M","","","BLOUSE SIFON","B"
"25","BSD-0024","SILVER KING","MOTIF","M","","","BLOUSE SIFON","B"
"26","BSD-0025","NO BRAND 3","MOTIF","M","","","BLOUSE SIFON","B"
"27","BSD-0026","MAYNARD DEUX","MOTIF","M","","","BLOUSE SIFON","B"
"28","BSD-0027","LODIS POTTO","MOTIF","M","","","BLOUSE SIFON","B"
"29","BSD-0028","NO BRAND 4","MOTIF","L","","","BLOUSE SIFON","B"
"30","BSD-0029","LING FEI FASHION","MOTIF","M","","","BLOUSE SIFON","B"
"31","BSD-0030","SPRAY PREMIUM","MOTIF","M","","","BLOUSE SIFON","B"
"32","BSD-0031","AXES FEMME","MOTIF","S","","","BLOUSE SIFON","B"
"33","BSD-0032","TOCO TOCO","MOTIF","M","","","BLOUSE SIFON","B"
"34","BSD-0033","GALFIT","MOTIF","M","","","BLOUSE SIFON","B"
"35","BSD-0034","NO BRAND 5","MOTIF","M","","","BLOUSE SIFON","B"
"36","BSD-0035","TAKASHIMAYA","MOTIF","M","","","BLOUSE SIFON","B"
"37","BSD-0036","NO BRAND 6","MOTIF","S","","TRANSPARANT","BLOUSE SIFON","B"
"38","BSD-0037","NO BRAND","MOTIF","S","","","BLOUSE SIFON","B"
"39","BSD-0038","g.u","MOTIF","S","","","BLOUSE SIFON","B"
"40","BSD-0039","AS KNOW AS ","MOTIF","M","","","BLOUSE SIFON","B"
"41","BSD-0040","GIGGLE","MOTIF","S","","TRANSPARANT","BLOUSE SIFON","B"
"42","BSD-0041","NOANNU","MOTIF","M","","","BLOUSE SIFON","B"
"43","BSD-0042","CAROLL","MOTIF","M","","","BLOUSE SIFON","B"
"44","BSD-0043","LACIFONELLI","MOTIF","M","","","BLOUSE SIFON","B"
"45","BSD-0044","AXES FEMME","MOTIF","M","","","BLOUSE SIFON","B"
"46","BSD-0045","NO BRAND 7","MOTIF","M","","","BLOUSE SIFON","B"
"47","BSD-0046","MAURICES","MOTIF","M","","","BLOUSE SIFON","B"
"48","BSD-0047","SUREVE","MOTIF","L","","","BLOUSE SIFON","B"
"49","BSD-0048","LIEBE","MOTIF","L","","","BLOUSE SIFON","B"
"50","BSD-0049","NAVY","MOTIF","M","","","BLOUSE SIFON","B"
"51","BSD-0050","NO BRAND 8","MOTIF","M","","TRANSPARANT","BLOUSE SIFON","B"
"52","BSD-0051","NO BRAND 9","MOTIF","M","","","BLOUSE SIFON","B"
"53","BSD-0052","LOC STYLE","MOTIF","M","","","BLOUSE SIFON","B"
"54","BSD-0053","CULOTES","MOTIF","M","","","BLOUSE SIFON","B"
"55","BSD-0054","LUNE MOIRE","MOTIF","M","","","BLOUSE SIFON","B"
"56","BSD-0055","QUEENS","MOTIF","L","","","BLOUSE SIFON","B"
"57","BSD-0056","MODERATE","MOTIF","L","","","BLOUSE SIFON","B"
"58","BSD-0057","LASCOLINAS","MOTIF","S","","","BLOUSE SIFON","B"
"59","BSD-0058","GIVORS","MOTIF","M","","","BLOUSE SIFON","B"
"60","BSD-0059","NATURAL COUTURE","MOTIF","M","","","BLOUSE SIFON","B"
"61","BSD-0060","SUNFELDU","MOTIF","M","","","BLOUSE SIFON","B"
"62","BSD-0061","NO BRAND 10","MOTIF","S","","","BLOUSE SIFON","B"
"63","BSD-0062","PRASH NOTES","MOTIF","L","","","BLOUSE SIFON","B"
"64","BSD-0063","NO BRAND 11","MOTIF","S","","","BLOUSE SIFON","B"
"65","BSD-0064","LUICHANTANT","MOTIF","S","","","BLOUSE SIFON","B"
"66","BSD-0065","LADIES WEAR","MOTIF","M","","","BLOUSE SIFON","B"
"67","BSD-0066","VIOPLE","MOTIF","M","","","BLOUSE SIFON","B"
"68","BSD-0067","TWO BY TWO","WHITE","M","","","BLOUSE SIFON","B"
"69","BSD-0068","MODEX","WHITE","M","","","BLOUSE SIFON","B"
"70","BSD-0069","SPICA","WHITE","M","","","BLOUSE SIFON","B"
"71","BSD-0070","HEATHER","WHITE","M","","","BLOUSE SIFON","B"
"72","BSD-0071","NO BRAND 11","WHITE","M","","","BLOUSE SIFON","B"
"73","BSD-0072","SAMANSA MOS2","WHITE","M","","","BLOUSE SIFON","B"
"74","BSD-0073","NO BRAND 12","WHITE","M","","","BLOUSE SIFON","B"
"75","BSD-0074","LE TIANS","WHITE","M","","","BLOUSE SIFON","B"
"76","BSD-0075","N,","WHITE","M","","","BLOUSE SIFON","B"
"77","BSD-0076","INGNI","WHITE","M","","","BLOUSE SIFON","B"
"78","BSD-0077","CECIL MC BEE","WHITE","M","","","BLOUSE SIFON","B"
"79","BSD-0078","NO BRAND 13","WHITE","S","","","BLOUSE SIFON","B"
"80","BSD-0079","FR","WHITE","M","","","BLOUSE SIFON","B"
"81","BSD-0080","UNIQ;LO","WHITE","M","","","BLOUSE SIFON","B"
"82","BSD-0081","CHANMEAL","WHITE","M","","","BLOUSE SIFON","B"
"83","BSD-0082","NO BRAND 14","WHITE","M","","","BLOUSE SIFON","B"
"84","BSD-0083","NO BRAND 15","WHITE","S","","","BLOUSE SIFON","B"
"85","BSD-0084","JEANASIS","WHITE","M","","","BLOUSE SIFON","B"
"86","BSD-0085","LOWRYS FARM","WHITE","M","","","BLOUSE SIFON","B"
"87","BSD-0086","DIAGRAM","WHITE","S","","","BLOUSE SIFON","B"
"88","BSD-0087","ELLESAISON","WHITE","M","","","BLOUSE SIFON","B"
"89","BSD-0088","HEATHER","WHITE","M","","","BLOUSE SIFON","B"
"90","BSD-0089","W.A.Z.P","WHITE","M","","","BLOUSE SIFON","B"
"91","BSD-0090","CLOCHE","WHITE","M","","","BLOUSE SIFON","B"
"1","DSA-0000","CAMOMILLE","MOTIF","M","120000","","DRESS SIFON","A"
"2","DSA-0001","NO BRAND 1","MOTIF","M","120000","","DRESS SIFON","A"
"3","DSA-0002","COLZA","NAVY","L","120000","","DRESS SIFON","A"
"4","DSA-0003","LIMONNE","NAVY VELVET","M","120000","","DRESS SIFON","A"
"5","DSA-0004","ROPE","NAVY","M","120000","","DRESS SIFON","A"
"6","DSA-0005","VIVATY","NAVY VELVET","M","120000","","DRESS SIFON","A"
"7","DSA-0006","PETITREITRE","BLACK ","M","120000","","DRESS SIFON","A"
"8","DSA-0007","GU","NAVY VELVET","M","160000","","DRESS SIFON","A"
"9","DSA-0008","NO BRAND 2","MOTIF VELVET","M","140000","","DRESS SIFON","A"
"10","DSA-0009","GLISSE","MOTIF VELVET","M","140000","","DRESS SIFON","A"
"11","DSA-0010","NO BRAND 3","BROWN VELVET","M","100000","SLEVELLES","DRESS SIFON","A"
"12","DSA-0011","ALPHABET'S ALPHABET","BLACK","L","150000","","DRESS SIFON","A"
"13","DSA-0012","EARTH MUSIC & ECOLOGY","MOTIF","M","100000","SLEEVELES","DRESS SIFON","A"
"14","DSA-0013","EARTH MUSIC & ECOLOGY","MOTIF","M","100000","SLEEVELES","DRESS SIFON","A"
"15","DSA-0014","NO BRAND 4","PEACH FLOWER","M","120000","","DRESS SIFON","A"
"16","DSA-0015","PETINOBE","BLUE","M","120000","MEDIUM DRESS","DRESS SIFON","A"
"17","DSA-0016","AZALEA ROSE","PINK","M","120000","SLEEVE MINI DRESS","DRESS SIFON","A"
"18","DSA-0017","AZUL","NAVY MOTIF","M","100000","SLEEVELESS","DRESS SIFON","A"
"19","DSA-0018","SHEENA DEL RAY","MOTIF","M","150000","MEDIUM DRESS LENGAN PANJANG","DRESS SIFON","A"
"20","DSA-0019","CECIL MC BEE","YELLOW WHITE MOTIF","M","100000","SLEEVE MINI DRESS","DRESS SIFON","A"
"21","DSA-0020","APPLAUDIR","CREAM","M","120000","MEDIUM DRESS","DRESS SIFON","A"
"22","DSA-0021","NO BRAND 5","MOTIF FLOWER","M","120000","MEDIUM DRESS","DRESS SIFON","A"
"23","DSA-0022","NO BRAND 6","NAVY","M","160000","KERAH BERKANCING","DRESS SIFON","A"
"24","DSA-0023","PETITA PETIT","BROWN","M","100000","SLEEVELESS","DRESS SIFON","A"
"25","DSA-0024","COUTURE BROOCH","CREAM","M","120000","MEDIUM DRESS","DRESS SIFON","A"
"26","DSA-0025","WORLD GALLERY","BROWN","M","130000","KERUT BAGIAN LEHER & TANGAN","DRESS SIFON","A"
"27","DSA-0026","ARGENTI","MOTIF FULL COLOR","M","120000","MEDIUM DRESS","DRESS SIFON","A"
"28","DSA-0027","NO BRAND 7","NAVY PINK FLOWER","M","150000","MEDIUM DRESS LENGAN PANJANG","DRESS SIFON","A"
"29","DSA-0028","NO BRAND 8","MAROON FLOWER","M","120000","","DRESS SIFON","A"
"30","DSA-0029","EBUBA","DARK GREEN","M","120000","MEDIUM DRESS","DRESS SIFON","A"
"31","DSA-0030","E HYPHENWORLDGALERRY PEACE","DARK GREEN  FLOWER","M","120000","SLEEVELESS","DRESS SIFON","A"
"32","DSA-0031","BACK NUMBER","MOCCA","XL","120000","MEDIUM DRESS","DRESS SIFON","A"
"33","DSA-0032","LOVE MODOC","GREY STRIPE","M","120000","MEDIUM DRESS","DRESS SIFON","A"
"34","DSA-0033","NO BRAND 9","MOTIF FULL COLOR","M","120000","MEDIUM DRESS","DRESS SIFON","A"
"35","DSA-0034","RIENDA","BLACK WHITE POLKADOT","M","120000","MEDIUM DRESS","DRESS SIFON","A"
"36","DSA-0035","QUEEN BEE","STRIPE PURPLE","M","120000","KERAH MEDIUM DRESS","DRESS SIFON","A"
"37","DSA-0036","MB MINT BREEZE","BLACK MOTIF","L","120000","MEDIUM DRESS","DRESS SIFON","A"
"38","DSA-0037","GRACE CONTINENTAL","BLAC","M","120000","SLEEVELESS ADA PAYET","DRESS SIFON","A"
"39","DSA-0038","BY HITOSHI","MOTIF","M","140000","MEDIUM DRESS LENGAN PANJANG ","DRESS SIFON","A"
"40","DSA-0039","NO BRAND 10","MOTIF","M","160000","LONG DRESS","DRESS SIFON","A"
"41","DSA-0040","NO BRAND 11","NAVY","M","100000","SLEEVELESS","DRESS SIFON","A"
"42","DSA-0041","NO BRAND 12","MOTIF","M","140000","MEDIUM DRESS","DRESS SIFON","A"
"43","DSA-0042","GUESTGUST JOCONDE","WHITE","M","120000","MEDIUM DRESS","DRESS SIFON","A"
"44","DSA-0043","GRANS FILE","BLACK","M","100000","SLEEVELESS","DRESS SIFON","A"
"45","DSA-0044","NO BRAND 13","YELLOW FLOWER","L","100000","OUTER","DRESS SIFON","A"
"46","DSA-0045","INGNI","MOTIF FLOWER","M","180000","LONG DRESS","DRESS SIFON","A"
"47","DSA-0046","NO BRAND 14","BLACK MOTIF","M","100000","SLEEVLESS","DRESS SIFON","A"
"48","DSA-0047","VIVRE SA VIE","MAROON MOTIF","L","120000","MEDIUM DRESS","DRESS SIFON","A"
"49","DSA-0048","LOOKS","BLUE FLOWER","M","120000","LONG DRESS TRANSPARAT","DRESS SIFON","A"
"50","DSA-0049","SWALLOW","BLUE","M","100000","MINI DRESS","DRESS SIFON","A"
"51","DSA-0050","NO BRAND","NAVY WHITE","M","120000","","DRESS SIFON","A"
"52","DSA-0051","BOBO FASHION","BROKEN WHITE","M","120000","MEDIUM DRESS","DRESS SIFON","A"
"53","DSA-0052","A DAY IN THE LIFE","NAVY","M","120000","MEDIUM DRESS","DRESS SIFON","A"
"54","DSA-0053","PROPORTION","NAVY","M","120000","MINI DRESS","DRESS SIFON","A"
"1","DSB-0000","MAGGY SPORT","NAVY POLKADOT","S","80000","LENGAN PENDEK","DRESS SIFON","B"
"2","DSB-0001","NO BRAND 1","CREAM","M","80000","LENGAN PENDEK","DRESS SIFON","B"
"3","DSB-0002","CRACKSTEP","CREAM FLOWER","S","80000","DRESS LENGAN SLIP ","DRESS SIFON","B"
"4","DSB-0003","NO BRAND 3","HITAM POLKADOT","XL","80000","DRES LENGAN PANJANG","DRESS SIFON","B"
"5","DSB-0004","NO BRAND 4","CREAM FLOWER","L","80000","LENGAN SLIP","DRESS SIFON","B"
"6","DSB-0005","WALLAMANDA","PASTEL","L","80000","LENGAN SLIP","DRESS SIFON","B"
"7","DSB-0006","GLA MASTER","HITAM PUTIH ZEBRA","XL","80000","LENGAN PANJANG","DRESS SIFON","B"
"8","DSB-0007","BASE LA SARTORIA","NAVY POLKADOT","M","80000","TANPA LENGAN","DRESS SIFON","B"
"9","DSB-0008","JANISS","COKELAT","M","80000","LENGAN SLIP","DRESS SIFON","B"
"10","DSB-0009","NO BRAND 5","CREAM","L","80000","LENGAN PENDEK","DRESS SIFON","B"
"11","DSB-0010","CUTIE BLONDE","PUTIH HITAM","M","80000","JAMSUIT","DRESS SIFON","B"
"12","DSB-0011","PATTERN","PINK SOFT","M","80000","LENGAN SLIP","DRESS SIFON","B"
"13","DSB-0012","ROLLINA","BIRU LANGIT","S","80000","DRESS LENGAN PENDEK","DRESS SIFON","B"
"14","DSB-0013","TOPPIGEON","PUTIH MOTIF","L","80000","LONG DRESS LENGAN PANJANG","DRESS SIFON","B"
"15","DSB-0014","MAJESTIC LEGON","HITAM FLOWER","M","80000","DRES LENGAN PANJANG","DRESS SIFON","B"
"16","DSB-0015","BOUJELOUD","KUNING FLOWER","XL","80000","BLOUSE  LENGAN PENDEK","DRESS SIFON","B"
"17","DSB-0016","NO BRAND 6","UNGGU MOTIF","M","80000","DRESS LENGAN PENDEK","DRESS SIFON","B"
"18","DSB-0017","THE  BLESSED DAMOZEL","HITAM POLKADOT","M","80000","DRESS LENGAN PANJANG","DRESS SIFON","B"
"19","DSB-0018","MERCURY DUO","COKELAT POLKADOTM","XL","80000","DRESS LENGAN PENDEK ","DRESS SIFON","B"
"20","DSB-0019","NO BRAND 7","COKELAT ZEBRA","L","80000","DRESS LENGAN SLIP","DRESS SIFON","B"
"21","DSB-0020","NO BRAND 8","PUTIH HITAM","L","80000","DRESS LENGAN PENDEK","DRESS SIFON","B"
"22","DSB-0021","FROU","HITAM FLOWER","L","80000","DRESS LENGAN SLIP","DRESS SIFON","B"
"23","DSB-0022","AIN ANNIVERSARY NAISSNCE","NAVY COKELAT","L","80000","DRESS LENGAN PANJANG","DRESS SIFON","B"
"24","DSB-0023","PICCIN","HITAM PUTIH ZEBRA","M","80000","DRESS LENGAN PANJANG","DRESS SIFON","B"
"25","DSB-0024","WILLSELECTION","PUTIH HITAM","S","80000","LENGAN SLIP","DRESS SIFON","B"
"26","DSB-0025","DANLIN","HITAM","S","80000","LENGAN SLIP","DRESS SIFON","B"
"27","DSB-0026","CLOSE UP","GREY","M","80000","JAMSUIT LENGAN SLIP","DRESS SIFON","B"
"28","DSB-0027","SOIR BENIR","HITAM","M","80000","LENGAN PENDEK","DRESS SIFON","B"
"29","DSB-0028","L&B","CREAM","M","80000","LENGAN PENDEK","DRESS SIFON","B"
"30","DSB-0029","NEW LOOK","PIUTIH MOTIF","M","80000","LENGAN SLIP","DRESS SIFON","B"
"31","DSB-0030","ZEST ","HITAM MOTIF","L","80000","LENGAN PENDEK","DRESS SIFON","B"
"32","DSB-0031","FREDY REPIT","TOSKA","M","80000","LENGAN SLIP","DRESS SIFON","B"
"33","DSB-0032","CHIP CLIP","PUTIH TULANG","M","80000","DRESS TOPI","DRESS SIFON","B"
"34","DSB-0033","SHEENA DEL RAY ","PUTIH ZEBRA","S","80000","LENGAN SLIP","DRESS SIFON","B"
"35","DSB-0034","SWITCH","MOTIF","M","80000","LENGAN SLIP","DRESS SIFON","B"
"36","DSB-0035","REPLETE","CREAM","M","80000","LENGAN PENDEK ","DRESS SIFON","B"
"37","DSB-0036","COUTURE BROOCH","ABU-ABU MOTIF ","M","80000","LENGAN PENDEK","DRESS SIFON","B"
"38","DSB-0037","LUNACION","ABU-ABU MOTIF ","L","80000","OUTER  LENGAN PANJANG","DRESS SIFON","B"
"39","DSB-0038","HEALTHY KAREN","PUTIH FLOWER","L","80000","LENGAN SLIP","DRESS SIFON","B"
"40","DSB-0039","REASTERISK","CREAM","S","80000","LENGAN SLIP","DRESS SIFON","B"
"41","DSB-0040","RANG MUSEE","HITAM","M","80000","LENGAN SLIP","DRESS SIFON","B"
"42","DSB-0041","CHEE COLLECTION ","PUTIH POLKADOT","XL","80000","LENGAN PENDEK ","DRESS SIFON","B"
"43","DSB-0042","OUT RO SOL","HITAM","XL","80000","LENGAN SLIP ","DRESS SIFON","B"
"44","DSB-0043","BLACK NUMBER","HITAM MOTIF","F","80000","TANPA LENGAN","DRESS SIFON","B"
"45","DSB-0044","NO BRAND 10","CREAM POLKADOT","L","80000","LENGAN PANJANG","DRESS SIFON","B"
"46","DSB-0045","NUSNUSN","UNGGU MOTIF","M","80000","LENGAN SLIP","DRESS SIFON","B"
"47","DSB-0046","IIMK ","HITAM MOTIF","M","80000","LENGAN SLIP ","DRESS SIFON","B"
"48","DSB-0047","HAUT MONDE","UNGGU MOTIF","M","80000","LENGAN PENDEK","DRESS SIFON","B"
"49","DSB-0048","TOKYO STYLECA","TOSKA","S","80000","DRESS LENGAN SLIP","DRESS SIFON","B"
"50","DSB-0049","NO BRAND 11","TOSKA","S","80000","DRESS LENGAN SLIP","DRESS SIFON","B"
"51","DSB-0050","NO BRAND 12","COKELAT MOTIF","L","80000","LENGAN PENDEK","DRESS SIFON","B"
"52","DSB-0051","MARY ROSE","PUTIH POLKADOT","M","80000","LENGAN PENDEK","DRESS SIFON","B"
"53","DSB-0052","NO BRAND 13","MERAH MOTIF","M","80000","LENGAN PANJANG","DRESS SIFON","B"
"54","DSB-0053","NO BRAND 14","COKELAT MOTIF","M","80000","LENGAN TANGGUNG ","DRESS SIFON","B"
"55","DSB-0054","NO BRAND 15","HITAM","M","80000","LENGAN SLIP","DRESS SIFON","B"
"56","DSB-0055","NO BRAND 16","PUTIH MOTIF","M","80000"," LENGAN PANJANG ","DRESS SIFON","B"
"57","DSB-0056","NO BRAND 17","GREY HITAM","M","80000","LENGAN PENDEK ","DRESS SIFON","B"
"58","DSB-0057","MAI PLAGE ","HITAM FLOWER","S","80000","LENGAN PANJANG","DRESS SIFON","B"
"59","DSB-0058","DELYLE","CREAM FLOWER","M","80000","DRESS TANPA LENGAN ","DRESS SIFON","B"
"60","DSB-0059","NO BRAND 18","UNGGU MOTIF","L","80000","DRESS LENGAN PENDEK","DRESS SIFON","B"
"61","DSB-0060","CREED CO LTD","HITAM FLOWER","L","80000","DRESS LENGAN SLIP","DRESS SIFON","B"
"62","DSB-0061","AMICAL","PUTIH ABU-ABU","M","80000","DRESS LENGAN PANJANG","DRESS SIFON","B"
"63","DSB-0062","MICHEL KLEIN","COKELAT MUDA ","M","80000","DRESS LENGAN SLIP","DRESS SIFON","B"
"64","DSB-0063","ARROW","ORANGE MOTIF","M","80000","DRESS LENGAN SLIP","DRESS SIFON","B"
"65","DSB-0064","PEYTON PLACE","PINK FLOWER","L","80000","LONG DRESS LENGAN PANJANG","DRESS SIFON","B"
"66","DSB-0065","PINKY & DINNENE","HITAM MOTIF","M","80000","DRESS LENGAN SLIP","DRESS SIFON","B"
"67","DSB-0066","SETAICHIRO","HIJAU MOTIF","M","80000","DRESS LENGAN PANJANG ","DRESS SIFON","B"
"68","DSB-0067","ATOP","COKELAT","M","80000","DRESS LENGAN SLIP","DRESS SIFON","B"
"69","DSB-0068","RADARISTA","MOTIF","L","80000","DRESS LENGAN PENDEK","DRESS SIFON","B"
"70","DSB-0069","NO BRAND 19","PUTIH MOTIF","L","80000","DRESS LENGAN SLIP","DRESS SIFON","B"
"4","JDB-0003","NO BRAND 1","DARK GREEN","M","100000","","DENIM","B"
"5","JDB-0004","F CAMINO","CREAM","M","100000","","DENIM","B"
"7","JDB-0006","TRIBE VINTAGE","BLUE","L","100000","","DENIM","B"
"8","JDB-0007","EVEX","BLACK","L","100000","","DENIM","B"
"9","JDB-0008","NO BRAND 3","BLUE","M","100000","","DENIM","B"
"11","JDB-0010","NO BRAND 4","DARK BLUE","L","100000","","DENIM","B"
"12","JDB-0011","56 SECTION","WHITE","M","100000","","DENIM","B"
"19","JDB-0018","LIGMELO","BLUE","M","100000","","DENIM","B"
"28","JDB-0027","JUDE BLOOM","OLD BLUE","L","100000","","DENIM","B"
"32","JDB-0031","CHIME","OLD BLUE","M","100000","","DENIM","B"
"33","JDB-0032","SIMPLE LIFE","OLD BLUE","M","100000","","DENIM","B"
"35","JDB-0034","AVAIL","OLD BLUE","L","100000","","DENIM","B"
"38","JDB-0037","NO BRAND 6","OLD BLUE","M","100000","","DENIM","B"
"39","JDB-0038","NO BRAND 7","OLD BLUE","S","100000","","DENIM","B"
"40","JDB-0039","NO BRAND 8","BLACK","M","100000","","DENIM","B"
"41","JDB-0040","GAP","WHITE","M","100000","","DENIM","B"
"42","JDB-0041","KUU","BLUE","M","100000","","DENIM","B"
"43","JDB-0042","OZOC","BLACK","M","100000","","BLAZER","B"
"44","JDB-0043","GAMINERIE","NAVY","M","100000","","DENIM","B"
"45","JDB-0044","JILL STUART","LIGHT BLUE","S","100000","","DENIM","B"
"49","JDB-0048","EAST BOY","LIGHT BLUE","S LEDIES","100000","","DENIM","B"
"50","JDB-0049","APPLE","MOCA BLUE","M","100000","","DENIM","B"
"53","JDB-0052","LIFE IN PROGRESS","LIGHT BLUE","XS","100000","","DENIM","B"
"54","JDB-0053","U.T.D","LIGHT BLUE","S","100000","","DENIM","B"
"55","JDB-0054","BANANA  REPUBLIC","BLUE","XS","100000","","DENIM","B"
"56","JDB-0055","SUGAR CANE","LIGHT ORANGE","M","100000","","DENIM","B"
"62","JDB-0061","VIVAYOU","LIGHT BLUE","S","100000","","DENIM","B"
"63","JDB-0062","BROWNY","BLUE ","L","100000","","DENIM","B"
"64","JDB-0063","GU","RED","M","100000","","DENIM","B"
"65","JDB-0064","NO BRAND 11","ARMY","M","120000","","DENIM","B"
"66","JDB-0065","GEORGIA","BLACK","M","120000","","PARKA","B"
"67","JDB-0066","INGNI","GREEN","M","120000","","PARKA","B"
"68","JDB-0067","EGOIST","GREEN","S","120000","","PARKA","B"
"69","JDB-0068","FOX FINDER","BROWN","XL","120000","","DENIM","B"
"70","JDB-0069","INTHEATTIC","RED","L","120000","","DENIM","B"
"71","JDB-0070","SPLENDID","GREEN","LL","120000","","PARKA","B"
"72","JDB-0071","MILITARY","GREEN","S","120000","","PARKA","B"
"73","JDB-0072","NO BRAND 12","ARMY","M","120000","","PARKA","B"
"74","JDB-0073","INGNI","GREEN","M","120000","","PARKA","B"
"75","JDB-0074","H.N.C","GREEN","M","120000","","PARKA","B"
"76","JDB-0075","CECIL MCBEE","ARMY","M","120000","","PARKA","B"
"77","JDB-0076","IKKA","BLUE","M","120000","","PARKA","B"
"78","JDB-0077","BEGUM","GREEN","M","120000","","PARKA","B"
"79","JDB-0078","LUCY","GREEN","S","120000","","PARKA","B"
"80","JDB-0079","ROPE PICNIC","GREEN","38/M","120000","","PARKA","B"
"","","","","","","","",""
"","","","","","","","",""
"","","","","","","","",""
"","","","","","","","",""
"","","","","","","","",""
"","","","","","","","",""
"","","","","","","","",""
"","","","","","","","",""
"","","","","","","","",""
"","","","","","","","",""
"","","","","","","","",""
"","","","","","","","",""
"","","","","","","","",""
"","","","","","","","",""
"","","","","","","","",""
"","","","","","","","",""
"","","","","","","","",""
"","","","","","","","",""
"","","","","","","","",""
"","","","","","","","",""
"","","","","","","","",""
"","","","","","","","",""
"","","","","","","","",""
"","","","","","","","",""
"","","","","","","","",""
"","","","","","","","",""
"","","","","","","","",""
"","","","","","","","",""
"","","","","","","","",""
"","","","","","","","",""
"","","","","","","","",""
"","","","","","","","",""
"","","","","","","","",""
"","","","","","","","",""
"","","","","","","","",""
"","","","","","","","",""
"","","","","","","","",""
"","","","","","","","",""
"","","","","","","","",""
"","","","","","","","",""
"","","","","","","","",""
"","","","","","","","",""
"","","","","","","","",""
"","","","","","","","",""
"","","","","","","","",""
"","","","","","","","",""
"","","","","","","","",""
"","","","","","","","",""
"","","","","","","","",""
"","","","","","","","",""
"","","","","","","","",""
"","","","","","","","",""
"","","","","","","","",""
"","","","","","","","",""
"","","","","","","","",""
"","","","","","","","",""
"","","","","","","","",""
"","","","","","","","",""
"","","","","","","","",""
"","","","","","","","",""
"","","","","","","","",""
"","","","","","","","",""
"","","","","","","","",""
"","","","","","","","",""
"","","","","","","","",""
"","","","","","","","",""
"","","","","","","","",""
"","","","","","","","",""
"","","","","","","","",""
"","","","","","","","",""
"","","","","","","","",""
"","","","","","","","",""
"","","","","","","","",""
"","","","","","","","",""
"","","","","","","","",""
"","","","","","","","",""
"","","","","","","","",""
"","","","","","","","",""
"","","","","","","","",""
"","","","","","","","",""
"","","","","","","","",""
"","","","","","","","",""
"","","","","","","","",""
"","","","","","","","",""
"","","","","","","","",""
"","","","","","","","",""
"","","","","","","","",""
"","","","","","","","",""
"","","","","","","","",""
"","","","","","","","",""
"","","","","","","","",""
"","","","","","","","",""
"","","","","","","","",""
"","","","","","","","",""
"","","","","","","","",""
"","","","","","","","",""
"","","","","","","","",""
"","","","","","","","",""
"","","","","","","","",""
"","","","","","","","",""
"","","","","","","","",""
"","","","","","","","",""
"","","","","","","","",""
"","","","","","","","",""
"","","","","","","","",""
"","","","","","","","",""
"","","","","","","","",""
"","","","","","","","",""
"","","","","","","","",""
"","","","","","","","",""
"","","","","","","","",""
"","","","","","","","",""
"","","","","","","","",""
"","","","","","","","",""
"","","","","","","","",""
"","","","","","","","",""
"","","","","","","","",""
"","","","","","","","",""
"","","","","","","","",""
"","","","","","","","",""
"","","","","","","","",""
"","","","","","","","",""
"","","","","","","","",""
"","","","","","","","",""
"","","","","","","","",""
"","","","","","","","",""
"","","","","","","","",""
"","","","","","","","",""
"","","","","","","","",""
"","","","","","","","",""
"","","","","","","","",""
"","","","","","","","",""
"","","","","","","","",""
"","","","","","","","",""
"","","","","","","","",""
"","","","","","","","",""
"","","","","","","","",""
"","","","","","","","",""
"","","","","","","","",""
"","","","","","","","",""
"","","","","","","","",""
"","","","","","","","",""
"","","","","","","","",""
"","","","","","","","",""
"","","","","","","","",""
"","","","","","","","",""
"","","","","","","","",""
"","","","","","","","",""
"","","","","","","","",""
"","","","","","","","",""
"","","","","","","","",""
"","","","","","","","",""
"","","","","","","","",""
"","","","","","","","",""
"","","","","","","","",""
"","","","","","","","",""
"","","","","","","","",""
"","","","","","","","",""
"","","","","","","","",""
"","","","","","","","",""
"","","","","","","","",""
"","","","","","","","",""
"","","","","","","","",""
"","","","","","","","",""
"","","","","","","","",""
"","","","","","","","",""
"","","","","","","","",""
"","","","","","","","",""
"","","","","","","","",""
"","","","","","","","",""
"","","","","","","","",""
"","","","","","","","",""
"","","","","","","","",""
"","","","","","","","",""
"","","","","","","","",""
"","","","","","","","",""
"","","","","","","","",""
"","","","","","","","",""
"","","","","","","","",""
"","","","","","","","",""
"","","","","","","","",""
"","","","","","","","",""
"","","","","","","","",""
"","","","","","","","",""
"","","","","","","","",""
"","","","","","","","",""
"","","","","","","","",""
"","","","","","","","",""
"","","","","","","","",""
"","","","","","","","",""
"","","","","","","","",""
"","","","","","","","",""
"","","","","","","","",""
"","","","","","","","",""
"","","","","","","","",""
"","","","","","","","",""
"","","","","","","","",""
"","","","","","","","",""
"","","","","","","","",""
"","","","","","","","",""
"","","","","","","","",""
"","","","","","","","",""
"","","","","","","","",""
"","","","","","","","",""
"","","","","","","","",""
"","","","","","","","",""
"","","","","","","","",""
"","","","","","","","",""
"","","","","","","","",""
"","","","","","","","",""
"","","","","","","","",""
"","","","","","","","",""
"","","","","","","","",""
"","","","","","","","",""
"","","","","","","","",""
"","","","","","","","",""
"","","","","","","","",""
"","","","","","","","",""
"","","","","","","","",""
"","","","","","","","",""
"","","","","","","","",""
"","","","","","","","",""
"","","","","","","","",""
"","","","","","","","",""
"","","","","","","","",""
"","","","","","","","",""
"","","","","","","","",""
"","","","","","","","",""
"","","","","","","","",""
"","","","","","","","",""
"","","","","","","","",""
"","","","","","","","",""
"","","","","","","","",""
"","","","","","","","",""
"","","","","","","","",""
"","","","","","","","",""
"","","","","","","","",""
"","","","","","","","",""
"","","","","","","","",""
